NGram,Increase,Decrease,Increase_Weight,Decrease_Weight,Increase_Ratio,Decrease_Ratio
"('raw',)",414,144,0.74194,0.25806,3,0
"('harvest',)",290,87,0.76923,0.23077,3,0
"('sharp',)",311,82,0.79135,0.20865,4,0
"('pattern',)",100,28,0.78125,0.21875,4,0
"('material',)",254,66,0.79375,0.20625,4,0
"('finished',)",366,133,0.73347,0.26653,3,0
"('percent',)",2713,973,0.73603,0.26397,3,0
"('categories',)",534,164,0.76504,0.23496,3,0
"('grow',)",371,131,0.73904,0.26096,3,0
"('relates',)",33,9,0.78571,0.21429,4,0
"('end',)",476,170,0.73684,0.26316,3,0
"('losses',)",160,63,0.71749,0.28251,3,0
"('northeast',)",54,16,0.77143,0.22857,3,0
"('merchandise',)",205,77,0.72695,0.27305,3,0
"('less',)",624,220,0.73934,0.26066,3,0
"('milk',)",173,51,0.77232,0.22768,3,0
"('feed',)",251,97,0.72126,0.27874,3,0
"('significant',)",672,197,0.7733,0.2267,3,0
"('improvement',)",855,340,0.71548,0.28452,3,0
"('substantial',)",200,61,0.76628,0.23372,3,0
"('slow',)",656,255,0.72009,0.27991,3,0
"('rest',)",136,44,0.75556,0.24444,3,0
"('slackening',)",61,13,0.82432,0.17568,5,0
"('chemicals',)",167,48,0.77674,0.22326,3,0
"('surveyed',)",78,24,0.76471,0.23529,3,0
"('contacted',)",124,41,0.75152,0.24848,3,0
"('any',)",264,93,0.7395,0.2605,3,0
"('atlantas',)",48,3,0.94118,0.05882,16,0
"('next',)",833,280,0.74843,0.25157,3,0
"('six',)",735,233,0.7593,0.2407,3,0
"('concentrated',)",96,31,0.75591,0.24409,3,0
"('added',)",218,41,0.8417,0.1583,5,0
"('cuts',)",147,47,0.75773,0.24227,3,0
"('spread',)",56,14,0.8,0.2,4,0
"('geographically',)",23,5,0.82143,0.17857,5,0
"('frozen',)",41,5,0.8913,0.1087,8,0
"('2',)",202,60,0.77099,0.22901,3,0
"('4',)",157,54,0.74408,0.25592,3,0
"('emerged',)",44,4,0.91667,0.08333,11,0
"('constitute',)",19,1,0.95,0.05,19,0
"('common',)",73,15,0.82955,0.17045,5,0
"('southwest',)",23,2,0.92,0.08,12,0
"('stability',)",36,9,0.8,0.2,4,0
"('fierce',)",79,18,0.81443,0.18557,4,0
"('forestry',)",19,4,0.82609,0.17391,5,0
"('resource',)",143,52,0.73333,0.26667,3,0
"('offshore',)",82,23,0.78095,0.21905,4,0
"('drill',)",45,1,0.97826,0.02174,45,0
"('pipe',)",46,3,0.93878,0.06122,15,0
"('mines',)",184,38,0.82883,0.17117,5,0
"('product',)",295,105,0.7375,0.2625,3,0
"('bad',)",70,9,0.88608,0.11392,8,0
"('returned',)",59,7,0.89394,0.10606,8,0
"('feeding',)",73,17,0.81111,0.18889,4,0
"('feedlots',)",23,1,0.95833,0.04167,23,0
"('characterizes',)",31,6,0.83784,0.16216,5,0
"('which',)",934,342,0.73197,0.26803,3,0
"('turning',)",29,9,0.76316,0.23684,3,0
"('unseasonably',)",170,41,0.80569,0.19431,4,0
"('northern',)",233,93,0.71472,0.28528,3,0
"('plains',)",28,9,0.75676,0.24324,3,0
"('damage',)",278,65,0.8105,0.1895,4,0
"('frosts',)",13,1,0.92857,0.07143,13,0
"('past',)",658,229,0.74183,0.25817,3,0
"('mark',)",14,1,0.93333,0.06667,14,0
"('ohio',)",43,8,0.84314,0.15686,5,0
"('soybeans',)",251,100,0.7151,0.2849,3,0
"('reached',)",65,26,0.71429,0.28571,3,0
"('maturity',)",18,1,0.94737,0.05263,18,0
"('illinois',)",71,5,0.93421,0.06579,14,0
"('indiana',)",56,15,0.78873,0.21127,4,0
"('tell',)",17,3,0.85,0.15,6,0
"('case',)",111,8,0.93277,0.06723,14,0
"('grown',)",58,21,0.73418,0.26582,3,0
"('variation',)",38,6,0.86364,0.13636,6,0
"('spurring',)",27,5,0.84375,0.15625,5,0
"('dormant',)",11,1,0.91667,0.08333,11,0
"('over',)",2207,877,0.71563,0.28437,3,0
"('indication',)",30,2,0.9375,0.0625,15,0
"('surveys',)",111,30,0.78723,0.21277,4,0
"('local',)",200,55,0.78431,0.21569,4,0
"('localized',)",13,1,0.92857,0.07143,13,0
"('canada',)",51,8,0.86441,0.13559,6,0
"('none',)",78,13,0.85714,0.14286,6,0
"('foresee',)",13,2,0.86667,0.13333,7,0
"('longterm',)",48,10,0.82759,0.17241,5,0
"('between',)",179,41,0.81364,0.18636,4,0
"('closures',)",56,13,0.81159,0.18841,4,0
"('inland',)",26,2,0.92857,0.07143,13,0
"('hurricanes',)",76,24,0.76,0.24,3,0
"('gulf',)",226,83,0.73139,0.26861,3,0
"('orleans',)",30,2,0.9375,0.0625,15,0
"('convention',)",72,15,0.82759,0.17241,5,0
"('disappointing',)",70,25,0.73684,0.26316,3,0
"('its',)",652,255,0.71885,0.28115,3,0
"('incomes',)",126,18,0.875,0.125,7,0
"('bolstered',)",39,10,0.79592,0.20408,4,0
"('compared',)",1258,418,0.7506,0.2494,3,0
"('patterns',)",26,10,0.72222,0.27778,3,0
"('region',)",541,201,0.72911,0.27089,3,0
"('category',)",91,32,0.73984,0.26016,3,0
"('hardware',)",41,14,0.74545,0.25455,3,0
"('discounters',)",14,1,0.93333,0.06667,14,0
"('clothing',)",74,29,0.71845,0.28155,3,0
"('targets',)",6,2,0.75,0.25,3,0
"('eastern',)",124,42,0.74699,0.25301,3,0
"('england',)",113,33,0.77397,0.22603,3,0
"('two',)",489,164,0.74885,0.25115,3,0
"('performance',)",138,36,0.7931,0.2069,4,0
"('22',)",17,4,0.80952,0.19048,4,0
"('our',)",733,273,0.72863,0.27137,3,0
"('recently',)",608,212,0.74146,0.25854,3,0
"('people',)",122,33,0.7871,0.2129,4,0
"('computerrelated',)",116,41,0.73885,0.26115,3,0
"('already',)",186,69,0.72941,0.27059,3,0
"('seasonal',)",611,241,0.71714,0.28286,3,0
"('enough',)",111,35,0.76027,0.23973,3,0
"('beginning',)",251,57,0.81494,0.18506,4,0
"('limit',)",95,30,0.76,0.24,3,0
"('turnover',)",151,50,0.75124,0.24876,3,0
"('minneapolisst',)",250,69,0.7837,0.2163,4,0
"('paul',)",253,80,0.75976,0.24024,3,0
"('nearing',)",47,3,0.94,0.06,16,0
"('contact',)",1173,464,0.71655,0.28345,3,0
"('concerned',)",210,64,0.76642,0.23358,3,0
"('help',)",187,51,0.78571,0.21429,4,0
"('skills',)",172,63,0.73191,0.26809,3,0
"('hurting',)",109,35,0.75694,0.24306,3,0
"('trying',)",52,7,0.88136,0.11864,7,0
"('address',)",38,7,0.84444,0.15556,5,0
"('grains',)",87,10,0.89691,0.10309,9,0
"('pastures',)",92,6,0.93878,0.06122,15,0
"('seasonally',)",85,31,0.73276,0.26724,3,0
"('employed',)",39,4,0.90698,0.09302,10,0
"('needed',)",76,11,0.87356,0.12644,7,0
"('get',)",92,8,0.92,0.08,12,0
"('field',)",120,35,0.77419,0.22581,3,0
"('borrowing',)",262,62,0.80864,0.19136,4,0
"('sheets',)",57,9,0.86364,0.13636,6,0
"('restrictions',)",69,6,0.92,0.08,12,0
"('constant',)",41,9,0.82,0.18,5,0
"('yearend',)",135,52,0.72193,0.27807,3,0
"('unexpected',)",37,5,0.88095,0.11905,7,0
"('starts',)",189,63,0.75,0.25,3,0
"('minnesota',)",520,201,0.72122,0.27878,3,0
"('occurring',)",38,14,0.73077,0.26923,3,0
"('causing',)",85,30,0.73913,0.26087,3,0
"('makers',)",202,34,0.85593,0.14407,6,0
"('posting',)",40,5,0.88889,0.11111,8,0
"('prompting',)",45,16,0.7377,0.2623,3,0
"('contracts',)",142,54,0.72449,0.27551,3,0
"('spurred',)",162,45,0.78261,0.21739,4,0
"('will',)",692,248,0.73617,0.26383,3,0
"('continuation',)",39,14,0.73585,0.26415,3,0
"('positively',)",27,7,0.79412,0.20588,4,0
"('restructuring',)",33,11,0.75,0.25,3,0
"('appears',)",182,59,0.75519,0.24481,3,0
"('mild',)",249,89,0.73669,0.26331,3,0
"('visitors',)",139,52,0.72775,0.27225,3,0
"('attractions',)",48,12,0.8,0.2,4,0
"('el',)",23,2,0.92,0.08,12,0
"('nino',)",19,1,0.95,0.05,19,0
"('cancellations',)",51,20,0.71831,0.28169,3,0
"('room',)",200,63,0.76046,0.23954,3,0
"('hoteliers',)",43,13,0.76786,0.23214,3,0
"('encouraged',)",62,3,0.95385,0.04615,21,0
"('advance',)",74,26,0.74,0.26,3,0
"('cruise',)",49,9,0.84483,0.15517,5,0
"('ship',)",47,3,0.94,0.06,16,0
"('unusually',)",121,47,0.72024,0.27976,3,0
"('total',)",278,107,0.72208,0.27792,3,0
"('sports',)",33,10,0.76744,0.23256,3,0
"('looking',)",314,83,0.79093,0.20907,4,0
"('concerning',)",42,4,0.91304,0.08696,10,0
"('prospects',)",201,65,0.75564,0.24436,3,0
"('homerelated',)",36,5,0.87805,0.12195,7,0
"('appliance',)",43,7,0.86,0.14,6,0
"('desired',)",208,72,0.74286,0.25714,3,0
"('backtoschool',)",92,35,0.72441,0.27559,3,0
"('during',)",1401,549,0.71846,0.28154,3,0
"('merchants',)",132,52,0.71739,0.28261,3,0
"('warm',)",186,37,0.83408,0.16592,5,0
"('put',)",132,44,0.75,0.25,3,0
"('damper',)",15,1,0.9375,0.0625,15,0
"('cooler',)",25,5,0.83333,0.16667,5,0
"('january',)",534,188,0.73961,0.26039,3,0
"('accelerated',)",131,49,0.72778,0.27222,3,0
"('key',)",116,32,0.78378,0.21622,4,0
"('factors',)",204,62,0.76692,0.23308,3,0
"('resistance',)",25,3,0.89286,0.10714,8,0
"('buyers',)",215,81,0.72635,0.27365,3,0
"('progresses',)",13,3,0.8125,0.1875,4,0
"('nationwide',)",26,9,0.74286,0.25714,3,0
"('20',)",191,74,0.72075,0.27925,3,0
"('earlier',)",1117,434,0.72018,0.27982,3,0
"('strikes',)",45,2,0.95745,0.04255,23,0
"('period',)",2256,888,0.71756,0.28244,3,0
"('refinery',)",65,16,0.80247,0.19753,4,0
"('margins',)",402,149,0.72958,0.27042,3,0
"('mexico',)",142,49,0.74346,0.25654,3,0
"('aerospace',)",174,59,0.74678,0.25322,3,0
"('ended',)",49,11,0.81667,0.18333,4,0
"('culling',)",35,5,0.875,0.125,7,0
"('rebuilding',)",61,10,0.85915,0.14085,6,0
"('numbers',)",104,20,0.83871,0.16129,5,0
"('environmental',)",33,5,0.86842,0.13158,7,0
"('delaying',)",57,11,0.83824,0.16176,5,0
"('freeze',)",77,1,0.98718,0.01282,77,0
"('vegetables',)",71,6,0.92208,0.07792,12,0
"('card',)",146,30,0.82955,0.17045,5,0
"('materialsespecially',)",14,3,0.82353,0.17647,5,0
"('reduction',)",165,26,0.86387,0.13613,6,0
"('serious',)",71,4,0.94667,0.05333,18,0
"('fewer',)",211,80,0.72509,0.27491,3,0
"('each',)",56,12,0.82353,0.17647,5,0
"('latter',)",124,29,0.81046,0.18954,4,0
"('spotty',)",36,11,0.76596,0.23404,3,0
"('following',)",241,57,0.80872,0.19128,4,0
"('flattening',)",30,6,0.83333,0.16667,5,0
"('decidedly',)",29,3,0.90625,0.09375,10,0
"('outright',)",28,1,0.96552,0.03448,28,0
"('we',)",111,44,0.71613,0.28387,3,0
"('plenty',)",15,1,0.9375,0.0625,15,0
"('onequarter',)",14,2,0.875,0.125,7,0
"('suggested',)",336,84,0.8,0.2,4,0
"('limits',)",24,3,0.88889,0.11111,8,0
"('autorelated',)",37,9,0.80435,0.19565,4,0
"('box',)",21,2,0.91304,0.08696,10,0
"('biotech',)",23,7,0.76667,0.23333,3,0
"('instruments',)",28,7,0.8,0.2,4,0
"('networking',)",9,1,0.9,0.1,9,0
"('recovery',)",119,36,0.76774,0.23226,3,0
"('idled',)",26,6,0.8125,0.1875,4,0
"('notably',)",192,73,0.72453,0.27547,3,0
"('feel',)",32,5,0.86486,0.13514,6,0
"('reach',)",15,1,0.9375,0.0625,15,0
"('exceptional',)",24,5,0.82759,0.17241,5,0
"('month',)",353,135,0.72336,0.27664,3,0
"('popular',)",29,1,0.96667,0.03333,29,0
"('markedly',)",65,22,0.74713,0.25287,3,0
"('inclement',)",42,4,0.91304,0.08696,10,0
"('hindered',)",69,25,0.73404,0.26596,3,0
"('7',)",85,34,0.71429,0.28571,3,0
"('economies',)",52,16,0.76471,0.23529,3,0
"('tapered',)",22,8,0.73333,0.26667,3,0
"('significantly',)",279,99,0.7381,0.2619,3,0
"('virtually',)",95,29,0.76613,0.23387,3,0
"('intermediate',)",79,22,0.78218,0.21782,4,0
"('land',)",181,54,0.77021,0.22979,3,0
"('cash',)",123,26,0.8255,0.1745,5,0
"('creating',)",48,8,0.85714,0.14286,6,0
"('rush',)",30,1,0.96774,0.03226,30,0
"('wells',)",69,10,0.87342,0.12658,7,0
"('drilled',)",31,1,0.96875,0.03125,31,0
"('created',)",106,20,0.84127,0.15873,5,0
"('final',)",292,73,0.8,0.2,4,0
"('fieldwork',)",42,13,0.76364,0.23636,3,0
"('idaho',)",37,14,0.72549,0.27451,3,0
"('potato',)",31,1,0.96875,0.03125,31,0
"('rises',)",48,8,0.85714,0.14286,6,0
"('coop',)",55,19,0.74324,0.25676,3,0
"('farmland',)",92,33,0.736,0.264,3,0
"('heating',)",89,10,0.89899,0.10101,9,0
"('successful',)",57,16,0.78082,0.21918,4,0
"('scrap',)",63,9,0.875,0.125,7,0
"('feeling',)",38,7,0.84444,0.15556,5,0
"('therefore',)",30,2,0.9375,0.0625,15,0
"('mill',)",30,11,0.73171,0.26829,3,0
"('operations',)",331,121,0.7323,0.2677,3,0
"('escalating',)",49,14,0.77778,0.22222,4,0
"('nondurable',)",85,31,0.73276,0.26724,3,0
"('confined',)",54,1,0.98182,0.01818,54,0
"('translated',)",42,3,0.93333,0.06667,14,0
"('extend',)",32,6,0.84211,0.15789,5,0
"('covered',)",23,4,0.85185,0.14815,6,0
"('contractor',)",56,9,0.86154,0.13846,6,0
"('idle',)",58,5,0.92063,0.07937,12,0
"('three',)",430,141,0.75306,0.24694,3,0
"('avoid',)",34,5,0.87179,0.12821,7,0
"('competitors',)",45,6,0.88235,0.11765,7,0
"('usage',)",61,13,0.82432,0.17568,5,0
"('chargeoffs',)",20,5,0.8,0.2,4,0
"('bankruptcies',)",76,14,0.84444,0.15556,5,0
"('relaxing',)",22,1,0.95652,0.04348,22,0
"('requirements',)",70,14,0.83333,0.16667,5,0
"('consolidation',)",33,2,0.94286,0.05714,17,0
"('course',)",25,6,0.80645,0.19355,4,0
"('segments',)",174,58,0.75,0.25,3,0
"('providers',)",199,73,0.73162,0.26838,3,0
"('automaker',)",18,2,0.9,0.1,9,0
"('buildup',)",20,7,0.74074,0.25926,3,0
"('brick',)",67,12,0.8481,0.1519,6,0
"('cement',)",118,35,0.77124,0.22876,3,0
"('plan',)",325,116,0.73696,0.26304,3,0
"('ratios',)",37,3,0.925,0.075,12,0
"('inched',)",48,5,0.90566,0.09434,10,0
"('lengthened',)",19,2,0.90476,0.09524,9,0
"('printing',)",28,2,0.93333,0.06667,14,0
"('utilization',)",254,99,0.71955,0.28045,3,0
"('instrument',)",10,1,0.90909,0.09091,10,0
"('quickened',)",12,2,0.85714,0.14286,6,0
"('electrical',)",77,18,0.81053,0.18947,4,0
"('various',)",187,68,0.73333,0.26667,3,0
"('singledigit',)",47,10,0.82456,0.17544,5,0
"('fort',)",12,4,0.75,0.25,3,0
"('canceled',)",28,1,0.96552,0.03448,28,0
"('satisfied',)",37,10,0.78723,0.21277,4,0
"('air',)",129,51,0.71667,0.28333,3,0
"('dip',)",54,8,0.87097,0.12903,7,0
"('furnishings',)",107,34,0.75887,0.24113,3,0
"('outdoor',)",25,6,0.80645,0.19355,4,0
"('gardening',)",8,1,0.88889,0.11111,8,0
"('exceeded',)",119,33,0.78289,0.21711,4,0
"('18',)",55,13,0.80882,0.19118,4,0
"('modest',)",1926,766,0.71545,0.28455,3,0
"('improve',)",400,153,0.72333,0.27667,3,0
"('faced',)",89,34,0.72358,0.27642,3,0
"('softness',)",160,49,0.76555,0.23445,3,0
"('expenditures',)",177,65,0.7314,0.2686,3,0
"('desirable',)",17,6,0.73913,0.26087,3,0
"('sparse',)",12,3,0.8,0.2,4,0
"('counts',)",122,40,0.75309,0.24691,3,0
"('upstate',)",198,77,0.72,0.28,3,0
"('typically',)",99,29,0.77344,0.22656,3,0
"('build',)",67,25,0.72826,0.27174,3,0
"('selected',)",113,38,0.74834,0.25166,3,0
"('turmoil',)",56,19,0.74667,0.25333,3,0
"('firm',)",595,235,0.71687,0.28313,3,0
"('plans',)",878,347,0.71673,0.28327,3,0
"('scaled',)",39,14,0.73585,0.26415,3,0
"('buoyed',)",53,10,0.84127,0.15873,5,0
"('december',)",668,142,0.82469,0.17531,5,0
"('3',)",231,68,0.77258,0.22742,3,0
"('bit',)",240,93,0.72072,0.27928,3,0
"('november',)",507,154,0.76702,0.23298,3,0
"('began',)",134,52,0.72043,0.27957,3,0
"('farm',)",511,160,0.76155,0.23845,3,0
"('urban',)",99,16,0.86087,0.13913,6,0
"('projects',)",664,230,0.74273,0.25727,3,0
"('might',)",72,26,0.73469,0.26531,3,0
"('snow',)",96,29,0.768,0.232,3,0
"('occurred',)",111,11,0.90984,0.09016,10,0
"('soaring',)",21,1,0.95455,0.04545,21,0
"('receive',)",34,3,0.91892,0.08108,11,0
"('picture',)",71,6,0.92208,0.07792,12,0
"('located',)",36,4,0.9,0.1,9,0
"('adopted',)",21,1,0.95455,0.04545,21,0
"('generous',)",35,5,0.875,0.125,7,0
"('engineering',)",115,32,0.78231,0.21769,4,0
"('salary',)",51,18,0.73913,0.26087,3,0
"('semiskilled',)",21,3,0.875,0.125,7,0
"('technicians',)",69,21,0.76667,0.23333,3,0
"('hire',)",218,78,0.73649,0.26351,3,0
"('efforts',)",79,24,0.76699,0.23301,3,0
"('stabilize',)",58,13,0.8169,0.1831,4,0
"('western',)",157,62,0.71689,0.28311,3,0
"('gold',)",38,2,0.95,0.05,19,0
"('temperatures',)",86,24,0.78182,0.21818,4,0
"('herd',)",83,7,0.92222,0.07778,12,0
"('unfavorable',)",34,6,0.85,0.15,6,0
"('completion',)",44,11,0.8,0.2,4,0
"('commodities',)",237,84,0.73832,0.26168,3,0
"('lead',)",114,36,0.76,0.24,3,0
"('reducing',)",92,35,0.72441,0.27559,3,0
"('spreads',)",110,43,0.71895,0.28105,3,0
"('postholiday',)",36,2,0.94737,0.05263,18,0
"('speculative',)",152,18,0.89412,0.10588,8,0
"('stabilized',)",102,39,0.7234,0.2766,3,0
"('norm',)",23,2,0.92,0.08,12,0
"('persistently',)",35,9,0.79545,0.20455,4,0
"('minivans',)",16,4,0.8,0.2,4,0
"('days',)",84,17,0.83168,0.16832,5,0
"('christmas',)",49,14,0.77778,0.22222,4,0
"('producer',)",143,56,0.71859,0.28141,3,0
"('cancel',)",12,3,0.8,0.2,4,0
"('telecommunication',)",31,1,0.96875,0.03125,31,0
"('automobiles',)",85,12,0.87629,0.12371,7,0
"('processed',)",15,3,0.83333,0.16667,5,0
"('winterrelated',)",16,1,0.94118,0.05882,16,0
"('21',)",34,10,0.77273,0.22727,3,0
"('start',)",141,53,0.7268,0.2732,3,0
"('gathered',)",3,1,0.75,0.25,3,0
"('momentum',)",50,12,0.80645,0.19355,4,0
"('felt',)",45,11,0.80357,0.19643,4,0
"('12',)",173,65,0.72689,0.27311,3,0
"('situation',)",98,23,0.80992,0.19008,4,0
"('worried',)",41,9,0.82,0.18,5,0
"('every',)",123,35,0.77848,0.22152,4,0
"('degrees',)",41,11,0.78846,0.21154,4,0
"('bolster',)",25,4,0.86207,0.13793,6,0
"('nearrecord',)",50,10,0.83333,0.16667,5,0
"('worsened',)",59,13,0.81944,0.18056,5,0
"('brighter',)",18,2,0.9,0.1,9,0
"('wane',)",19,4,0.82609,0.17391,5,0
"('february',)",471,188,0.71472,0.28528,3,0
"('refinancings',)",70,4,0.94595,0.05405,18,0
"('repayments',)",55,1,0.98214,0.01786,55,0
"('uniformly',)",23,3,0.88462,0.11538,8,0
"('floods',)",24,2,0.92308,0.07692,12,0
"('impending',)",21,3,0.875,0.125,7,0
"('importers',)",13,1,0.92857,0.07143,13,0
"('fixed',)",21,1,0.95455,0.04545,21,0
"('pressing',)",13,1,0.92857,0.07143,13,0
"('attempted',)",23,3,0.88462,0.11538,8,0
"('means',)",26,5,0.83871,0.16129,5,0
"('15',)",131,33,0.79878,0.20122,4,0
"('5',)",242,85,0.74006,0.25994,3,0
"('measured',)",25,4,0.86207,0.13793,6,0
"('tone',)",53,9,0.85484,0.14516,6,0
"('hamper',)",27,7,0.79412,0.20588,4,0
"('imbalance',)",11,1,0.91667,0.08333,11,0
"('dominant',)",17,1,0.94444,0.05556,17,0
"('craft',)",22,2,0.91667,0.08333,11,0
"('insufficient',)",36,7,0.83721,0.16279,5,0
"('instance',)",52,7,0.88136,0.11864,7,0
"('clothes',)",8,1,0.88889,0.11111,8,0
"('dropping',)",13,1,0.92857,0.07143,13,0
"('rebounding',)",25,5,0.83333,0.16667,5,0
"('wetter',)",9,1,0.9,0.1,9,0
"('suffered',)",22,7,0.75862,0.24138,3,0
"('department',)",84,29,0.74336,0.25664,3,0
"('entry',)",23,6,0.7931,0.2069,4,0
"('degree',)",70,12,0.85366,0.14634,6,0
"('recorded',)",53,18,0.74648,0.25352,3,0
"('suggests',)",59,12,0.83099,0.16901,5,0
"('stages',)",36,4,0.9,0.1,9,0
"('factor',)",127,39,0.76506,0.23494,3,0
"('primarily',)",241,81,0.74845,0.25155,3,0
"('size',)",57,9,0.86364,0.13636,6,0
"('great',)",61,15,0.80263,0.19737,4,0
"('estimated',)",42,5,0.89362,0.10638,8,0
"('getting',)",64,15,0.81013,0.18987,4,0
"('assessments',)",61,15,0.80263,0.19737,4,0
"('portfolios',)",72,24,0.75,0.25,3,0
"('recording',)",23,2,0.92,0.08,12,0
"('originations',)",68,3,0.95775,0.04225,23,0
"('minerals',)",37,4,0.90244,0.09756,9,0
"('impaired',)",27,4,0.87097,0.12903,7,0
"('income',)",208,65,0.7619,0.2381,3,0
"('firming',)",74,19,0.7957,0.2043,4,0
"('developments',)",120,41,0.74534,0.25466,3,0
"('freezing',)",24,2,0.92308,0.07692,12,0
"('ground',)",53,16,0.76812,0.23188,3,0
"('buying',)",72,16,0.81818,0.18182,4,0
"('later',)",83,30,0.73451,0.26549,3,0
"('perhaps',)",23,1,0.95833,0.04167,23,0
"('buildings',)",104,37,0.73759,0.26241,3,0
"('infrastructure',)",97,25,0.79508,0.20492,4,0
"('main',)",63,23,0.73256,0.26744,3,0
"('reservations',)",29,6,0.82857,0.17143,5,0
"('coastal',)",55,13,0.80882,0.19118,4,0
"('concluded',)",9,2,0.81818,0.18182,4,0
"('gain',)",55,11,0.83333,0.16667,5,0
"('cautioned',)",31,6,0.83784,0.16216,5,0
"('probably',)",9,1,0.9,0.1,9,0
"('driven',)",200,77,0.72202,0.27798,3,0
"('power',)",123,42,0.74545,0.25455,3,0
"('medical',)",155,54,0.74163,0.25837,3,0
"('newly',)",49,16,0.75385,0.24615,3,0
"('cover',)",119,41,0.74375,0.25625,3,0
"('public',)",134,50,0.72826,0.27174,3,0
"('properties',)",214,73,0.74564,0.25436,3,0
"('thought',)",70,6,0.92105,0.07895,12,0
"('stress',)",54,12,0.81818,0.18182,4,0
"('former',)",33,2,0.94286,0.05714,17,0
"('1999',)",151,7,0.9557,0.0443,22,0
"('agreement',)",25,2,0.92593,0.07407,13,0
"('prominent',)",16,3,0.84211,0.15789,5,0
"('bargaining',)",15,1,0.9375,0.0625,15,0
"('programmers',)",34,5,0.87179,0.12821,7,0
"('architects',)",23,3,0.88462,0.11538,8,0
"('assistants',)",22,5,0.81481,0.18519,4,0
"('combined',)",65,15,0.8125,0.1875,4,0
"('influence',)",19,3,0.86364,0.13636,6,0
"('hurricane',)",221,44,0.83396,0.16604,5,0
"('nevertheless',)",70,11,0.8642,0.1358,6,0
"('reaction',)",11,1,0.91667,0.08333,11,0
"('fluctuations',)",16,3,0.84211,0.15789,5,0
"('beyond',)",41,7,0.85417,0.14583,6,0
"('observed',)",274,80,0.77401,0.22599,3,0
"('swings',)",12,2,0.85714,0.14286,6,0
"('remarked',)",80,20,0.8,0.2,4,0
"('volatility',)",106,20,0.84127,0.15873,5,0
"('trim',)",22,5,0.81481,0.18519,4,0
"('timing',)",20,2,0.90909,0.09091,10,0
"('weekend',)",59,21,0.7375,0.2625,3,0
"('motors',)",16,5,0.7619,0.2381,3,0
"('posed',)",8,3,0.72727,0.27273,3,0
"('exhibit',)",23,5,0.82143,0.17857,5,0
"('marginal',)",29,3,0.90625,0.09375,10,0
"('regarding',)",93,36,0.72093,0.27907,3,0
"('who',)",176,47,0.78924,0.21076,4,0
"('progressed',)",25,3,0.89286,0.10714,8,0
"('extractive',)",47,2,0.95918,0.04082,23,0
"('directed',)",19,1,0.95,0.05,19,0
"('alltime',)",26,8,0.76471,0.23529,3,0
"('dairy',)",187,74,0.71648,0.28352,3,0
"('squeeze',)",34,2,0.94444,0.05556,17,0
"('generated',)",39,2,0.95122,0.04878,20,0
"('carryover',)",19,2,0.90476,0.09524,9,0
"('cutback',)",23,3,0.88462,0.11538,8,0
"('downturn',)",45,16,0.7377,0.2623,3,0
"('poor',)",196,62,0.75969,0.24031,3,0
"('absorbing',)",19,2,0.90476,0.09524,9,0
"('bonus',)",17,4,0.80952,0.19048,4,0
"('creation',)",16,4,0.8,0.2,4,0
"('midlevel',)",14,3,0.82353,0.17647,5,0
"('downsized',)",14,1,0.93333,0.06667,14,0
"('trades',)",60,22,0.73171,0.26829,3,0
"('pointing',)",33,9,0.78571,0.21429,4,0
"('merger',)",36,9,0.8,0.2,4,0
"('acquisition',)",44,14,0.75862,0.24138,3,0
"('threequarters',)",16,2,0.88889,0.11111,8,0
"('abroad',)",27,10,0.72973,0.27027,3,0
"('partially',)",69,10,0.87342,0.12658,7,0
"('responsible',)",39,2,0.95122,0.04878,20,0
"('private',)",73,22,0.76842,0.23158,3,0
"('halt',)",14,4,0.77778,0.22222,4,0
"('typical',)",122,25,0.82993,0.17007,5,0
"('clear',)",28,7,0.8,0.2,4,0
"('american',)",18,4,0.81818,0.18182,4,0
"('stringent',)",24,2,0.92308,0.07692,12,0
"('whole',)",88,23,0.79279,0.20721,4,0
"('34',)",31,5,0.86111,0.13889,6,0
"('percentages',)",42,2,0.95455,0.04545,21,0
"('shutdown',)",70,12,0.85366,0.14634,6,0
"('michigan',)",54,19,0.73973,0.26027,3,0
"('drops',)",39,11,0.78,0.22,4,0
"('hogs',)",91,29,0.75833,0.24167,3,0
"('failing',)",23,2,0.92,0.08,12,0
"('hard',)",56,17,0.76712,0.23288,3,0
"('middecember',)",38,2,0.95,0.05,19,0
"('30year',)",20,1,0.95238,0.04762,20,0
"('60',)",50,14,0.78125,0.21875,4,0
"('recovered',)",44,10,0.81481,0.18519,4,0
"('unless',)",30,3,0.90909,0.09091,10,0
"('lose',)",26,4,0.86667,0.13333,7,0
"('borrower',)",27,2,0.93103,0.06897,13,0
"('50',)",89,35,0.71774,0.28226,3,0
"('70',)",38,6,0.86364,0.13636,6,0
"('citrus',)",68,12,0.85,0.15,6,0
"('underwriting',)",52,7,0.88136,0.11864,7,0
"('surge',)",98,27,0.784,0.216,4,0
"('slowdowns',)",71,3,0.95946,0.04054,24,0
"('explanations',)",19,1,0.95,0.05,19,0
"('refined',)",30,1,0.96774,0.03226,30,0
"('derivatives',)",15,6,0.71429,0.28571,3,0
"('oilrelated',)",18,2,0.9,0.1,9,0
"('worse',)",28,3,0.90323,0.09677,9,0
"('seems',)",33,9,0.78571,0.21429,4,0
"('spot',)",82,27,0.75229,0.24771,3,0
"('accelerate',)",30,7,0.81081,0.18919,4,0
"('heightened',)",33,9,0.78571,0.21429,4,0
"('poaching',)",8,2,0.8,0.2,4,0
"('historical',)",61,24,0.71765,0.28235,3,0
"('turn',)",38,14,0.73077,0.26923,3,0
"('individual',)",18,6,0.75,0.25,3,0
"('insulation',)",70,1,0.98592,0.01408,70,0
"('abovenormal',)",29,1,0.96667,0.03333,29,0
"('need',)",109,31,0.77857,0.22143,4,0
"('potential',)",249,96,0.72174,0.27826,3,0
"('repayment',)",44,8,0.84615,0.15385,5,0
"('left',)",41,10,0.80392,0.19608,4,0
"('farming',)",31,4,0.88571,0.11429,8,0
"('moved',)",187,72,0.72201,0.27799,3,0
"('perceived',)",34,2,0.94444,0.05556,17,0
"('outnumbered',)",25,3,0.89286,0.10714,8,0
"('absorbed',)",35,8,0.81395,0.18605,4,0
"('workforces',)",36,5,0.87805,0.12195,7,0
"('add',)",124,36,0.775,0.225,3,0
"('lengthen',)",20,1,0.95238,0.04762,20,0
"('workweek',)",45,4,0.91837,0.08163,11,0
"('probability',)",17,1,0.94444,0.05556,17,0
"('contingent',)",20,5,0.8,0.2,4,0
"('requests',)",76,12,0.86364,0.13636,6,0
"('call',)",51,11,0.82258,0.17742,5,0
"('effort',)",52,10,0.83871,0.16129,5,0
"('applications',)",80,23,0.7767,0.2233,3,0
"('works',)",27,1,0.96429,0.03571,27,0
"('hartford',)",83,23,0.78302,0.21698,4,0
"('connecticut',)",81,31,0.72321,0.27679,3,0
"('central',)",154,55,0.73684,0.26316,3,0
"('placed',)",23,5,0.82143,0.17857,5,0
"('analysts',)",23,8,0.74194,0.25806,3,0
"('forecasts',)",47,13,0.78333,0.21667,4,0
"('resort',)",87,28,0.75652,0.24348,3,0
"('skiing',)",17,3,0.85,0.15,6,0
"('salesespecially',)",6,1,0.85714,0.14286,6,0
"('lagging',)",14,2,0.875,0.125,7,0
"('prior',)",387,138,0.73714,0.26286,3,0
"('supported',)",54,12,0.81818,0.18182,4,0
"('reluctant',)",80,15,0.84211,0.15789,5,0
"('press',)",4,1,0.8,0.2,4,0
"('nearterm',)",139,46,0.75135,0.24865,3,0
"('carpenters',)",32,1,0.9697,0.0303,32,0
"('biotechnology',)",43,5,0.89583,0.10417,9,0
"('healthcare',)",445,168,0.72594,0.27406,3,0
"('aside',)",44,12,0.78571,0.21429,4,0
"('providing',)",87,28,0.75652,0.24348,3,0
"('commitments',)",23,2,0.92,0.08,12,0
"('restaurants',)",146,55,0.72637,0.27363,3,0
"('severely',)",43,8,0.84314,0.15686,5,0
"('bostons',)",46,10,0.82143,0.17857,5,0
"('nonretail',)",57,11,0.83824,0.16176,5,0
"('briskly',)",60,10,0.85714,0.14286,6,0
"('pleased',)",21,2,0.91304,0.08696,10,0
"('hindering',)",19,2,0.90476,0.09524,9,0
"('tradespeople',)",16,4,0.8,0.2,4,0
"('act',)",51,13,0.79688,0.20312,4,0
"('sold',)",154,34,0.81915,0.18085,5,0
"('lean',)",62,23,0.72941,0.27059,3,0
"('climb',)",38,6,0.86364,0.13636,6,0
"('middle',)",80,27,0.74766,0.25234,3,0
"('swine',)",33,3,0.91667,0.08333,11,0
"('forage',)",72,18,0.8,0.2,4,0
"('sugar',)",28,5,0.84848,0.15152,6,0
"('beet',)",22,3,0.88,0.12,7,0
"('projected',)",83,19,0.81373,0.18627,4,0
"('rice',)",97,31,0.75781,0.24219,3,0
"('gradually',)",53,18,0.74648,0.25352,3,0
"('accordingly',)",25,7,0.78125,0.21875,4,0
"('memory',)",44,1,0.97778,0.02222,44,0
"('chips',)",39,1,0.975,0.025,39,0
"('surfaced',)",13,1,0.92857,0.07143,13,0
"('recruitment',)",33,8,0.80488,0.19512,4,0
"('specialists',)",35,4,0.89744,0.10256,9,0
"('completed',)",37,12,0.7551,0.2449,3,0
"('hospitals',)",25,3,0.89286,0.10714,8,0
"('laid',)",33,9,0.78571,0.21429,4,0
"('effectively',)",10,2,0.83333,0.16667,5,0
"('attributes',)",30,9,0.76923,0.23077,3,0
"('200',)",27,4,0.87097,0.12903,7,0
"('publishing',)",12,2,0.85714,0.14286,6,0
"('hightechnology',)",27,8,0.77143,0.22857,3,0
"('approaches',)",12,1,0.92308,0.07692,12,0
"('expecting',)",181,71,0.71825,0.28175,3,0
"('numerous',)",79,21,0.79,0.21,4,0
"('weigh',)",25,10,0.71429,0.28571,3,0
"('important',)",18,3,0.85714,0.14286,6,0
"('net',)",318,118,0.72936,0.27064,3,0
"('petroleumrelated',)",24,5,0.82759,0.17241,5,0
"('responded',)",41,16,0.7193,0.2807,3,0
"('nontraditional',)",15,4,0.78947,0.21053,4,0
"('senior',)",30,4,0.88235,0.11765,7,0
"('relying',)",16,3,0.84211,0.15789,5,0
"('filled',)",23,3,0.88462,0.11538,8,0
"('graduates',)",23,3,0.88462,0.11538,8,0
"('recruited',)",17,1,0.94444,0.05556,17,0
"('scarcity',)",23,7,0.76667,0.23333,3,0
"('thin',)",22,6,0.78571,0.21429,4,0
"('search',)",24,9,0.72727,0.27273,3,0
"('liquidity',)",53,20,0.72603,0.27397,3,0
"('choosing',)",22,4,0.84615,0.15385,5,0
"('oat',)",10,1,0.90909,0.09091,10,0
"('costly',)",25,1,0.96154,0.03846,25,0
"('arizona',)",35,7,0.83333,0.16667,5,0
"('highs',)",79,27,0.74528,0.25472,3,0
"('sums',)",7,1,0.875,0.125,7,0
"('richmonds',)",27,8,0.77143,0.22857,3,0
"('manufacture',)",28,9,0.75676,0.24324,3,0
"('durable',)",107,39,0.73288,0.26712,3,0
"('indicators',)",42,4,0.91304,0.08696,10,0
"('cutbacks',)",39,8,0.82979,0.17021,5,0
"('seasons',)",21,6,0.77778,0.22222,4,0
"('midsingle',)",33,8,0.80488,0.19512,4,0
"('digit',)",23,2,0.92,0.08,12,0
"('ecommerce',)",72,24,0.75,0.25,3,0
"('online',)",138,44,0.75824,0.24176,3,0
"('gained',)",21,8,0.72414,0.27586,3,0
"('expense',)",15,1,0.9375,0.0625,15,0
"('appreciable',)",3,1,0.75,0.25,3,0
"('scarce',)",49,9,0.84483,0.15517,5,0
"('yearonyear',)",32,8,0.8,0.2,4,0
"('forecast',)",66,14,0.825,0.175,5,0
"('peaks',)",21,1,0.95455,0.04545,21,0
"('permanent',)",123,40,0.7546,0.2454,3,0
"('annual',)",91,36,0.71654,0.28346,3,0
"('35',)",42,8,0.84,0.16,5,0
"('predict',)",30,2,0.9375,0.0625,15,0
"('house',)",57,13,0.81429,0.18571,4,0
"('within',)",141,41,0.77473,0.22527,3,0
"('software',)",222,87,0.71845,0.28155,3,0
"('competing',)",20,6,0.76923,0.23077,3,0
"('mentioning',)",19,4,0.82609,0.17391,5,0
"('glass',)",28,6,0.82353,0.17647,5,0
"('carrying',)",10,4,0.71429,0.28571,3,0
"('passed',)",137,51,0.72872,0.27128,3,0
"('autos',)",91,24,0.7913,0.2087,4,0
"('exhibited',)",41,4,0.91111,0.08889,10,0
"('big',)",57,14,0.80282,0.19718,4,0
"('ticket',)",65,10,0.86667,0.13333,7,0
"('revising',)",7,1,0.875,0.125,7,0
"('projections',)",36,9,0.8,0.2,4,0
"('does',)",17,6,0.73913,0.26087,3,0
"('absence',)",30,3,0.90909,0.09091,10,0
"('immigrants',)",5,1,0.83333,0.16667,5,0
"('students',)",9,1,0.9,0.1,9,0
"('prevalent',)",50,19,0.72464,0.27536,3,0
"('third',)",383,145,0.72538,0.27462,3,0
"('par',)",67,26,0.72043,0.27957,3,0
"('announced',)",314,109,0.74232,0.25768,3,0
"('again',)",172,53,0.76444,0.23556,3,0
"('reason',)",27,10,0.72973,0.27027,3,0
"('eliminated',)",35,2,0.94595,0.05405,18,0
"('finances',)",21,4,0.84,0.16,5,0
"('stepped',)",32,1,0.9697,0.0303,32,0
"('nonperforming',)",30,3,0.90909,0.09091,10,0
"('balances',)",52,18,0.74286,0.25714,3,0
"('cancelled',)",29,10,0.74359,0.25641,3,0
"('postponed',)",35,14,0.71429,0.28571,3,0
"('stimulated',)",20,5,0.8,0.2,4,0
"('pasturage',)",14,5,0.73684,0.26316,3,0
"('blamed',)",25,4,0.86207,0.13793,6,0
"('pharmaceuticals',)",67,25,0.72826,0.27174,3,0
"('military',)",27,6,0.81818,0.18182,4,0
"('shore',)",68,26,0.7234,0.2766,3,0
"('extending',)",16,5,0.7619,0.2381,3,0
"('districtsboston',)",19,6,0.76,0.24,3,0
"('wake',)",27,1,0.96429,0.03571,27,0
"('houston',)",145,51,0.7398,0.2602,3,0
"('type',)",36,11,0.76596,0.23404,3,0
"('occupancies',)",31,9,0.775,0.225,3,0
"('onethird',)",83,21,0.79808,0.20192,4,0
"('belt',)",18,1,0.94737,0.05263,18,0
"('onehalf',)",20,8,0.71429,0.28571,3,0
"('nonferrous',)",14,3,0.82353,0.17647,5,0
"('portions',)",95,10,0.90476,0.09524,9,0
"('provide',)",53,18,0.74648,0.25352,3,0
"('covering',)",22,6,0.78571,0.21429,4,0
"('southeastern',)",21,5,0.80769,0.19231,4,0
"('searches',)",8,1,0.88889,0.11111,8,0
"('longer',)",112,41,0.73203,0.26797,3,0
"('pointed',)",119,16,0.88148,0.11852,7,0
"('loosening',)",32,9,0.78049,0.21951,4,0
"('stabilization',)",73,22,0.76842,0.23158,3,0
"('weekly',)",14,4,0.77778,0.22222,4,0
"('unions',)",18,5,0.78261,0.21739,4,0
"('trading',)",11,1,0.91667,0.08333,11,0
"('exchange',)",40,8,0.83333,0.16667,5,0
"('provisions',)",11,1,0.91667,0.08333,11,0
"('wait',)",31,4,0.88571,0.11429,8,0
"('tool',)",20,7,0.74074,0.25926,3,0
"('mounted',)",9,1,0.9,0.1,9,0
"('amount',)",53,21,0.71622,0.28378,3,0
"('outperform',)",21,6,0.77778,0.22222,4,0
"('19',)",52,8,0.86667,0.13333,7,0
"('center',)",80,24,0.76923,0.23077,3,0
"('purchase',)",59,21,0.7375,0.2625,3,0
"('metro',)",78,27,0.74286,0.25714,3,0
"('stayed',)",108,29,0.78832,0.21168,4,0
"('steep',)",38,11,0.77551,0.22449,3,0
"('litigation',)",26,9,0.74286,0.25714,3,0
"('excessively',)",10,3,0.76923,0.23077,3,0
"('weakest',)",36,12,0.75,0.25,3,0
"('listings',)",27,10,0.72973,0.27027,3,0
"('situations',)",5,2,0.71429,0.28571,3,0
"('regulatory',)",111,40,0.7351,0.2649,3,0
"('payrolls',)",205,66,0.75646,0.24354,3,0
"('begins',)",43,5,0.89583,0.10417,9,0
"('source',)",181,49,0.78696,0.21304,4,0
"('observing',)",23,4,0.85185,0.14815,6,0
"('nuts',)",54,4,0.93103,0.06897,13,0
"('term',)",139,30,0.82249,0.17751,5,0
"('opportunities',)",57,14,0.80282,0.19718,4,0
"('monthly',)",48,9,0.84211,0.15789,5,0
"('aggressive',)",75,16,0.82418,0.17582,5,0
"('duration',)",12,2,0.85714,0.14286,6,0
"('per',)",126,36,0.77778,0.22222,4,0
"('auditing',)",13,1,0.92857,0.07143,13,0
"('maryland',)",115,43,0.72785,0.27215,3,0
"('clearing',)",14,1,0.93333,0.06667,14,0
"('disappointed',)",11,1,0.91667,0.08333,11,0
"('mall',)",93,29,0.7623,0.2377,3,0
"('deal',)",36,10,0.78261,0.21739,4,0
"('experiences',)",5,2,0.71429,0.28571,3,0
"('defenserelated',)",30,8,0.78947,0.21053,4,0
"('nominal',)",14,4,0.77778,0.22222,4,0
"('wireless',)",10,1,0.90909,0.09091,10,0
"('bring',)",33,4,0.89189,0.10811,8,0
"('climbed',)",48,17,0.73846,0.26154,3,0
"('broadway',)",76,28,0.73077,0.26923,3,0
"('theaters',)",59,18,0.76623,0.23377,3,0
"('ample',)",64,14,0.82051,0.17949,5,0
"('hospital',)",35,3,0.92105,0.07895,12,0
"('employer',)",30,5,0.85714,0.14286,6,0
"('responding',)",103,40,0.72028,0.27972,3,0
"('portion',)",35,13,0.72917,0.27083,3,0
"('lull',)",41,15,0.73214,0.26786,3,0
"('250000',)",26,5,0.83871,0.16129,5,0
"('mid',)",30,7,0.81081,0.18919,4,0
"('condominiums',)",34,8,0.80952,0.19048,4,0
"('expensive',)",46,10,0.82143,0.17857,5,0
"('lifting',)",9,2,0.81818,0.18182,4,0
"('played',)",12,1,0.92308,0.07692,12,0
"('roles',)",11,4,0.73333,0.26667,3,0
"('midnovember',)",53,17,0.75714,0.24286,3,0
"('anemic',)",13,4,0.76471,0.23529,3,0
"('caution',)",41,15,0.73214,0.26786,3,0
"('focus',)",25,10,0.71429,0.28571,3,0
"('suburban',)",62,19,0.76543,0.23457,3,0
"('institutional',)",17,6,0.73913,0.26087,3,0
"('investors',)",58,21,0.73418,0.26582,3,0
"('households',)",58,13,0.8169,0.1831,4,0
"('seed',)",12,3,0.8,0.2,4,0
"('closing',)",26,5,0.83871,0.16129,5,0
"('maintain',)",43,14,0.75439,0.24561,3,0
"('freezes',)",52,19,0.73239,0.26761,3,0
"('notch',)",3,1,0.75,0.25,3,0
"('recordhigh',)",14,5,0.73684,0.26316,3,0
"('drawn',)",9,1,0.9,0.1,9,0
"('doubled',)",19,6,0.76,0.24,3,0
"('airports',)",18,2,0.9,0.1,9,0
"('extended',)",56,14,0.8,0.2,4,0
"('pretty',)",15,1,0.9375,0.0625,15,0
"('buy',)",26,7,0.78788,0.21212,4,0
"('expertise',)",4,1,0.8,0.2,4,0
"('corporate',)",96,24,0.8,0.2,4,0
"('drive',)",33,6,0.84615,0.15385,5,0
"('renegotiations',)",4,1,0.8,0.2,4,0
"('landlord',)",18,5,0.78261,0.21739,4,0
"('anticipating',)",66,23,0.74157,0.25843,3,0
"('wanted',)",6,1,0.85714,0.14286,6,0
"('lock',)",10,1,0.90909,0.09091,10,0
"('believed',)",18,7,0.72,0.28,3,0
"('pensions',)",3,1,0.75,0.25,3,0
"('costofliving',)",12,4,0.75,0.25,3,0
"('charged',)",39,14,0.73585,0.26415,3,0
"('saturated',)",3,1,0.75,0.25,3,0
"('damaging',)",7,1,0.875,0.125,7,0
"('tropical',)",16,3,0.84211,0.15789,5,0
"('storm',)",86,7,0.92473,0.07527,12,0
"('panhandle',)",14,4,0.77778,0.22222,4,0
"('assess',)",6,2,0.75,0.25,3,0
"('moratorium',)",9,3,0.75,0.25,3,0
"('wyoming',)",19,5,0.79167,0.20833,4,0
"('predictions',)",6,1,0.85714,0.14286,6,0
"('escalation',)",21,7,0.75,0.25,3,0
"('pullback',)",31,8,0.79487,0.20513,4,0
"('hesitation',)",4,1,0.8,0.2,4,0
"('renewed',)",35,7,0.83333,0.16667,5,0
"('securities',)",52,9,0.85246,0.14754,6,0
"('finally',)",98,38,0.72059,0.27941,3,0
"('reflects',)",26,9,0.74286,0.25714,3,0
"('repairs',)",20,2,0.90909,0.09091,10,0
"('runup',)",8,1,0.88889,0.11111,8,0
"('shortlived',)",3,1,0.75,0.25,3,0
"('temporarily',)",29,5,0.85294,0.14706,6,0
"('downside',)",31,11,0.7381,0.2619,3,0
"('opposed',)",13,5,0.72222,0.27778,3,0
"('follow',)",13,3,0.8125,0.1875,4,0
"('suit',)",3,1,0.75,0.25,3,0
"('regulations',)",64,19,0.77108,0.22892,3,0
"('reasonably',)",18,1,0.94737,0.05263,18,0
"('discussions',)",5,1,0.83333,0.16667,5,0
"('holidays',)",30,12,0.71429,0.28571,3,0
"('roll',)",6,1,0.85714,0.14286,6,0
"('deals',)",71,22,0.76344,0.23656,3,0
"('floridas',)",17,3,0.85,0.15,6,0
"('contributor',)",8,2,0.8,0.2,4,0
"('medium',)",30,9,0.76923,0.23077,3,0
"('repair',)",46,5,0.90196,0.09804,9,0
"('maintenance',)",84,24,0.77778,0.22222,4,0
"('relayed',)",5,1,0.83333,0.16667,5,0
"('once',)",34,8,0.80952,0.19048,4,0
"('portfolio',)",6,2,0.75,0.25,3,0
"('core',)",55,20,0.73333,0.26667,3,0
"('evaluate',)",4,1,0.8,0.2,4,0
"('lot',)",45,15,0.75,0.25,3,0
"('ipo',)",10,2,0.83333,0.16667,5,0
"('appalachian',)",8,2,0.8,0.2,4,0
"('coal',)",427,138,0.75575,0.24425,3,0
"('onshore',)",21,5,0.80769,0.19231,4,0
"('fully',)",43,7,0.86,0.14,6,0
"('placements',)",71,15,0.82558,0.17442,5,0
"('onto',)",13,2,0.86667,0.13333,7,0
"('eliminating',)",12,1,0.92308,0.07692,12,0
"('implemented',)",26,7,0.78788,0.21212,4,0
"('2004',)",47,17,0.73438,0.26562,3,0
"('lots',)",37,11,0.77083,0.22917,3,0
"('railroads',)",31,8,0.79487,0.20513,4,0
"('processors',)",35,4,0.89744,0.10256,9,0
"('gaining',)",6,2,0.75,0.25,3,0
"('recover',)",22,7,0.75862,0.24138,3,0
"('generation',)",40,8,0.83333,0.16667,5,0
"('domestically',)",32,5,0.86486,0.13514,6,0
"('liquid',)",25,3,0.89286,0.10714,8,0
"('certificates',)",18,1,0.94737,0.05263,18,0
"('authority',)",18,3,0.85714,0.14286,6,0
"('disputes',)",23,3,0.88462,0.11538,8,0
"('wind',)",82,21,0.79612,0.20388,4,0
"('accounted',)",20,6,0.76923,0.23077,3,0
"('slump',)",20,5,0.8,0.2,4,0
"('surprisingly',)",15,3,0.83333,0.16667,5,0
"('furthermore',)",30,8,0.78947,0.21053,4,0
"('gift',)",23,8,0.74194,0.25806,3,0
"('railroad',)",88,20,0.81481,0.18519,4,0
"('chicken',)",29,5,0.85294,0.14706,6,0
"('charge',)",25,5,0.83333,0.16667,5,0
"('oilfield',)",88,15,0.85437,0.14563,6,0
"('outcomes',)",24,3,0.88889,0.11111,8,0
"('alleviated',)",23,6,0.7931,0.2069,4,0
"('grapes',)",20,1,0.95238,0.04762,20,0
"('seemingly',)",21,1,0.95455,0.04545,21,0
"('lowerprice',)",14,3,0.82353,0.17647,5,0
"('issues',)",86,19,0.81905,0.18095,5,0
"('congested',)",12,1,0.92308,0.07692,12,0
"('coasts',)",12,3,0.8,0.2,4,0
"('county',)",26,7,0.78788,0.21212,4,0
"('poorly',)",25,6,0.80645,0.19355,4,0
"('scope',)",10,1,0.90909,0.09091,10,0
"('week',)",54,7,0.88525,0.11475,8,0
"('eleven',)",7,1,0.875,0.125,7,0
"('characterizing',)",15,6,0.71429,0.28571,3,0
"('appreciably',)",10,3,0.76923,0.23077,3,0
"('tempered',)",25,9,0.73529,0.26471,3,0
"('outperformed',)",12,2,0.85714,0.14286,6,0
"('citywide',)",6,1,0.85714,0.14286,6,0
"('conventions',)",11,3,0.78571,0.21429,4,0
"('seaports',)",3,1,0.75,0.25,3,0
"('inbound',)",6,1,0.85714,0.14286,6,0
"('circuit',)",3,1,0.75,0.25,3,0
"('communications',)",22,8,0.73333,0.26667,3,0
"('place',)",32,12,0.72727,0.27273,3,0
"('possibly',)",20,1,0.95238,0.04762,20,0
"('coops',)",11,3,0.78571,0.21429,4,0
"('condos',)",74,28,0.72549,0.27451,3,0
"('sent',)",6,1,0.85714,0.14286,6,0
"('dipped',)",39,10,0.79592,0.20408,4,0
"('protect',)",3,1,0.75,0.25,3,0
"('required',)",24,3,0.88889,0.11111,8,0
"('owners',)",62,16,0.79487,0.20513,4,0
"('workforce',)",39,13,0.75,0.25,3,0
"('narrowing',)",20,7,0.74074,0.25926,3,0
"('headcounts',)",29,9,0.76316,0.23684,3,0
"('periods',)",70,18,0.79545,0.20455,4,0
"('permit',)",34,9,0.7907,0.2093,4,0
"('retreating',)",6,1,0.85714,0.14286,6,0
"('ending',)",18,5,0.78261,0.21739,4,0
"('glut',)",14,3,0.82353,0.17647,5,0
"('professions',)",19,3,0.86364,0.13636,6,0
"('californias',)",6,1,0.85714,0.14286,6,0
"('dearth',)",13,4,0.76471,0.23529,3,0
"('round',)",55,20,0.73333,0.26667,3,0
"('management',)",62,22,0.7381,0.2619,3,0
"('lessened',)",13,3,0.8125,0.1875,4,0
"('disrupted',)",22,6,0.78571,0.21429,4,0
"('hurricaneaffected',)",7,1,0.875,0.125,7,0
"('relocated',)",5,2,0.71429,0.28571,3,0
"('associated',)",53,21,0.71622,0.28378,3,0
"('midst',)",5,1,0.83333,0.16667,5,0
"('regain',)",6,1,0.85714,0.14286,6,0
"('midtown',)",14,3,0.82353,0.17647,5,0
"('billion',)",17,1,0.94444,0.05556,17,0
"('elevator',)",6,1,0.85714,0.14286,6,0
"('aggressively',)",14,4,0.77778,0.22222,4,0
"('approximately',)",17,3,0.85,0.15,6,0
"('2006',)",57,20,0.74026,0.25974,3,0
"('industryprices',)",4,1,0.8,0.2,4,0
"('wider',)",12,3,0.8,0.2,4,0
"('regarded',)",3,1,0.75,0.25,3,0
"('represented',)",6,1,0.85714,0.14286,6,0
"('controlled',)",6,1,0.85714,0.14286,6,0
"('ones',)",15,1,0.9375,0.0625,15,0
"('suv',)",9,3,0.75,0.25,3,0
"('done',)",12,2,0.85714,0.14286,6,0
"('fuelcost',)",3,1,0.75,0.25,3,0
"('heated',)",8,3,0.72727,0.27273,3,0
"('sizes',)",15,5,0.75,0.25,3,0
"('districtemployment',)",3,1,0.75,0.25,3,0
"('nameplates',)",20,7,0.74074,0.25926,3,0
"('track',)",16,5,0.7619,0.2381,3,0
"('warmweather',)",5,1,0.83333,0.16667,5,0
"('implementation',)",23,8,0.74194,0.25806,3,0
"('notices',)",5,1,0.83333,0.16667,5,0
"('highskilled',)",76,12,0.86364,0.13636,6,0
"('trailers',)",8,1,0.88889,0.11111,8,0
"('tepid',)",28,10,0.73684,0.26316,3,0
"('dominated',)",12,2,0.85714,0.14286,6,0
"('leave',)",14,3,0.82353,0.17647,5,0
"('indefinite',)",3,1,0.75,0.25,3,0
"('preparations',)",8,3,0.72727,0.27273,3,0
"('single',)",99,31,0.76154,0.23846,3,0
"('grocers',)",26,8,0.76471,0.23529,3,0
"('found',)",95,35,0.73077,0.26923,3,0
"('demanded',)",5,1,0.83333,0.16667,5,0
"('lesser',)",30,11,0.73171,0.26829,3,0
"('changing',)",22,2,0.91667,0.08333,11,0
"('pacific',)",23,9,0.71875,0.28125,3,0
"('northwest',)",37,13,0.74,0.26,3,0
"('process',)",43,8,0.84314,0.15686,5,0
"('allowing',)",18,3,0.85714,0.14286,6,0
"('options',)",20,5,0.8,0.2,4,0
"('postponement',)",8,1,0.88889,0.11111,8,0
"('redesigned',)",4,1,0.8,0.2,4,0
"('minor',)",14,3,0.82353,0.17647,5,0
"('project',)",72,25,0.74227,0.25773,3,0
"('buildtosuit',)",24,4,0.85714,0.14286,6,0
"('assumptions',)",4,1,0.8,0.2,4,0
"('transaction',)",35,10,0.77778,0.22222,4,0
"('refinance',)",38,8,0.82609,0.17391,5,0
"('categorized',)",11,2,0.84615,0.15385,5,0
"('coalfired',)",8,2,0.8,0.2,4,0
"('farms',)",24,9,0.72727,0.27273,3,0
"('ethanol',)",33,12,0.73333,0.26667,3,0
"('wyomings',)",7,2,0.77778,0.22222,4,0
"('powder',)",5,2,0.71429,0.28571,3,0
"('users',)",11,4,0.73333,0.26667,3,0
"('fuels',)",10,3,0.76923,0.23077,3,0
"('zinc',)",4,1,0.8,0.2,4,0
"('reliance',)",11,3,0.78571,0.21429,4,0
"('towards',)",42,13,0.76364,0.23636,3,0
"('tonnage',)",30,7,0.81081,0.18919,4,0
"('lowprice',)",6,2,0.75,0.25,3,0
"('healthier',)",9,1,0.9,0.1,9,0
"('nudge',)",4,1,0.8,0.2,4,0
"('resilient',)",6,1,0.85714,0.14286,6,0
"('reinforced',)",4,1,0.8,0.2,4,0
"('apply',)",6,1,0.85714,0.14286,6,0
"('fraction',)",13,4,0.76471,0.23529,3,0
"('identified',)",18,7,0.72,0.28,3,0
"('samestore',)",62,23,0.72941,0.27059,3,0
"('cargo',)",186,59,0.75918,0.24082,3,0
"('intermodal',)",64,20,0.7619,0.2381,3,0
"('shipment',)",17,1,0.94444,0.05556,17,0
"('lay',)",65,20,0.76471,0.23529,3,0
"('brokers',)",269,101,0.72703,0.27297,3,0
"('upside',)",13,5,0.72222,0.27778,3,0
"('memphis',)",135,37,0.78488,0.21512,4,0
"('recordbreaking',)",4,1,0.8,0.2,4,0
"('austin',)",39,7,0.84783,0.15217,6,0
"('restored',)",4,1,0.8,0.2,4,0
"('roughly',)",145,46,0.75916,0.24084,3,0
"('force',)",20,2,0.90909,0.09091,10,0
"('accommodation',)",11,1,0.91667,0.08333,11,0
"('theatre',)",5,2,0.71429,0.28571,3,0
"('guarded',)",12,2,0.85714,0.14286,6,0
"('beverage',)",53,9,0.85484,0.14516,6,0
"('sciences',)",14,3,0.82353,0.17647,5,0
"('accountants',)",18,7,0.72,0.28,3,0
"('foam',)",4,1,0.8,0.2,4,0
"('executives',)",51,17,0.75,0.25,3,0
"('outlooks',)",373,129,0.74303,0.25697,3,0
"('aviation',)",31,4,0.88571,0.11429,8,0
"('autoparts',)",5,1,0.83333,0.16667,5,0
"('standstill',)",3,1,0.75,0.25,3,0
"('threefourths',)",14,4,0.77778,0.22222,4,0
"('subprime',)",16,3,0.84211,0.15789,5,0
"('harsh',)",57,9,0.86364,0.13636,6,0
"('lowskilled',)",33,8,0.80488,0.19512,4,0
"('global',)",167,50,0.76959,0.23041,3,0
"('serving',)",17,3,0.85,0.15,6,0
"('then',)",23,7,0.76667,0.23333,3,0
"('shows',)",39,7,0.84783,0.15217,6,0
"('historically',)",46,18,0.71875,0.28125,3,0
"('replacement',)",76,26,0.7451,0.2549,3,0
"('pharmacists',)",4,1,0.8,0.2,4,0
"('whether',)",27,10,0.72973,0.27027,3,0
"('louisville',)",152,45,0.77157,0.22843,3,0
"('approaching',)",15,4,0.78947,0.21053,4,0
"('strain',)",15,4,0.78947,0.21053,4,0
"('housekeepers',)",4,1,0.8,0.2,4,0
"('transactions',)",78,25,0.75728,0.24272,3,0
"('container',)",79,23,0.77451,0.22549,3,0
"('fundamentals',)",59,16,0.78667,0.21333,4,0
"('news',)",34,6,0.85,0.15,6,0
"('relating',)",8,1,0.88889,0.11111,8,0
"('adjusting',)",20,4,0.83333,0.16667,5,0
"('maine',)",46,18,0.71875,0.28125,3,0
"('emerging',)",30,9,0.76923,0.23077,3,0
"('potentially',)",15,2,0.88235,0.11765,7,0
"('america',)",27,9,0.75,0.25,3,0
"('vendors',)",14,4,0.77778,0.22222,4,0
"('prevalence',)",8,1,0.88889,0.11111,8,0
"('affordability',)",21,7,0.75,0.25,3,0
"('residents',)",39,15,0.72222,0.27778,3,0
"('bleak',)",9,3,0.75,0.25,3,0
"('shale',)",63,21,0.75,0.25,3,0
"('attempt',)",11,4,0.73333,0.26667,3,0
"('districtprices',)",4,1,0.8,0.2,4,0
"('postponing',)",8,3,0.72727,0.27273,3,0
"('destroyed',)",10,3,0.76923,0.23077,3,0
"('access',)",31,10,0.7561,0.2439,3,0
"('monthovermonth',)",31,9,0.775,0.225,3,0
"('coldweather',)",20,5,0.8,0.2,4,0
"('cutting',)",58,14,0.80556,0.19444,4,0
"('select',)",49,17,0.74242,0.25758,3,0
"('individuals',)",25,8,0.75758,0.24242,3,0
"('assorted',)",22,5,0.81481,0.18519,4,0
"('incidence',)",8,2,0.8,0.2,4,0
"('spectrum',)",9,3,0.75,0.25,3,0
"('hourly',)",19,5,0.79167,0.20833,4,0
"('switch',)",10,1,0.90909,0.09091,10,0
"('necessities',)",37,11,0.77083,0.22917,3,0
"('elective',)",18,2,0.9,0.1,9,0
"('procedures',)",19,1,0.95,0.05,19,0
"('tentative',)",10,2,0.83333,0.16667,5,0
"('paces',)",5,1,0.83333,0.16667,5,0
"('participants',)",26,8,0.76471,0.23529,3,0
"('governments',)",33,2,0.94286,0.05714,17,0
"('drag',)",19,5,0.79167,0.20833,4,0
"('community',)",81,19,0.81,0.19,4,0
"('strict',)",8,1,0.88889,0.11111,8,0
"('wellqualified',)",16,5,0.7619,0.2381,3,0
"('emphasized',)",10,1,0.90909,0.09091,10,0
"('row',)",20,6,0.76923,0.23077,3,0
"('peanuts',)",13,3,0.8125,0.1875,4,0
"('restricted',)",8,2,0.8,0.2,4,0
"('retirement',)",13,2,0.86667,0.13333,7,0
"('hopeful',)",36,5,0.87805,0.12195,7,0
"('branch',)",11,4,0.73333,0.26667,3,0
"('technicallyskilled',)",5,1,0.83333,0.16667,5,0
"('colleges',)",22,3,0.88,0.12,7,0
"('accepted',)",6,2,0.75,0.25,3,0
"('architecture',)",17,5,0.77273,0.22727,3,0
"('receivables',)",4,1,0.8,0.2,4,0
"('harder',)",15,1,0.9375,0.0625,15,0
"('stay',)",41,11,0.78846,0.21154,4,0
"('went',)",9,2,0.81818,0.18182,4,0
"('homebuyer',)",33,9,0.78571,0.21429,4,0
"('reality',)",4,1,0.8,0.2,4,0
"('stimulus',)",15,5,0.75,0.25,3,0
"('package',)",6,2,0.75,0.25,3,0
"('appraisals',)",14,1,0.93333,0.06667,14,0
"('worries',)",11,2,0.84615,0.15385,5,0
"('challenged',)",21,8,0.72414,0.27586,3,0
"('apart',)",32,7,0.82051,0.17949,5,0
"('fabrication',)",12,4,0.75,0.25,3,0
"('spoke',)",11,1,0.91667,0.08333,11,0
"('deaths',)",3,1,0.75,0.25,3,0
"('sixty',)",8,2,0.8,0.2,4,0
"('facility',)",81,25,0.76415,0.23585,3,0
"('abating',)",6,1,0.85714,0.14286,6,0
"('yearmanufacturing',)",5,2,0.71429,0.28571,3,0
"('pricesmanufacturing',)",5,1,0.83333,0.16667,5,0
"('damping',)",9,2,0.81818,0.18182,4,0
"('4th',)",8,1,0.88889,0.11111,8,0
"('clean',)",4,1,0.8,0.2,4,0
"('finishedgoods',)",20,7,0.74074,0.25926,3,0
"('pickups',)",17,3,0.85,0.15,6,0
"('severity',)",5,2,0.71429,0.28571,3,0
"('reconstruction',)",7,1,0.875,0.125,7,0
"('submarkets',)",22,5,0.81481,0.18519,4,0
"('foreclosure',)",15,2,0.88235,0.11765,7,0
"('observe',)",12,4,0.75,0.25,3,0
"('aggregate',)",29,6,0.82857,0.17143,5,0
"('attempts',)",5,1,0.83333,0.16667,5,0
"('stick',)",9,3,0.75,0.25,3,0
"('program',)",29,10,0.74359,0.25641,3,0
"('questioned',)",5,1,0.83333,0.16667,5,0
"('manage',)",9,2,0.81818,0.18182,4,0
"('visitor',)",30,7,0.81081,0.18919,4,0
"('lowend',)",25,7,0.78125,0.21875,4,0
"('conserve',)",5,2,0.71429,0.28571,3,0
"('slighttomoderate',)",6,2,0.75,0.25,3,0
"('measures',)",13,2,0.86667,0.13333,7,0
"('serviceproviding',)",7,1,0.875,0.125,7,0
"('consumption',)",11,3,0.78571,0.21429,4,0
"('suppress',)",5,1,0.83333,0.16667,5,0
"('deferred',)",8,2,0.8,0.2,4,0
"('occasional',)",7,1,0.875,0.125,7,0
"('newcar',)",5,2,0.71429,0.28571,3,0
"('cruiseline',)",6,1,0.85714,0.14286,6,0
"('consultants',)",17,5,0.77273,0.22727,3,0
"('dealership',)",19,3,0.86364,0.13636,6,0
"('resale',)",25,10,0.71429,0.28571,3,0
"('energyproducing',)",22,6,0.78571,0.21429,4,0
"('hired',)",31,8,0.79487,0.20513,4,0
"('managed',)",19,5,0.79167,0.20833,4,0
"('rebuilt',)",8,1,0.88889,0.11111,8,0
"('snowstorms',)",17,6,0.73913,0.26087,3,0
"('sensitive',)",15,6,0.71429,0.28571,3,0
"('willing',)",42,14,0.75,0.25,3,0
"('minnesotabased',)",37,14,0.72549,0.27451,3,0
"('citys',)",74,29,0.71845,0.28155,3,0
"('tended',)",41,10,0.80392,0.19608,4,0
"('wellattended',)",3,1,0.75,0.25,3,0
"('architectural',)",21,4,0.84,0.16,5,0
"('european',)",37,6,0.86047,0.13953,6,0
"('chinas',)",6,2,0.75,0.25,3,0
"('shifts',)",15,3,0.83333,0.16667,5,0
"('simply',)",4,1,0.8,0.2,4,0
"('absent',)",5,1,0.83333,0.16667,5,0
"('drift',)",11,3,0.78571,0.21429,4,0
"('prime',)",35,13,0.72917,0.27083,3,0
"('what',)",42,9,0.82353,0.17647,5,0
"('manager',)",79,25,0.75962,0.24038,3,0
"('component',)",12,4,0.75,0.25,3,0
"('institute',)",5,2,0.71429,0.28571,3,0
"('exists',)",8,3,0.72727,0.27273,3,0
"('shadow',)",8,3,0.72727,0.27273,3,0
"('foreclosed',)",16,2,0.88889,0.11111,8,0
"('fiscal',)",130,30,0.8125,0.1875,4,0
"('emergence',)",12,3,0.8,0.2,4,0
"('temporarytopermanent',)",11,4,0.73333,0.26667,3,0
"('transitions',)",5,1,0.83333,0.16667,5,0
"('diesel',)",77,24,0.76238,0.23762,3,0
"('prerecession',)",27,8,0.77143,0.22857,3,0
"('growthbanking',)",3,1,0.75,0.25,3,0
"('mismatch',)",5,2,0.71429,0.28571,3,0
"('emphasis',)",4,1,0.8,0.2,4,0
"('alike',)",8,1,0.88889,0.11111,8,0
"('carriers',)",45,12,0.78947,0.21053,4,0
"('appraisal',)",20,1,0.95238,0.04762,20,0
"('consequent',)",5,1,0.83333,0.16667,5,0
"('tests',)",10,3,0.76923,0.23077,3,0
"('retooling',)",7,1,0.875,0.125,7,0
"('industrywide',)",5,1,0.83333,0.16667,5,0
"('redevelopment',)",5,1,0.83333,0.16667,5,0
"('newpurchase',)",6,1,0.85714,0.14286,6,0
"('nonbank',)",19,5,0.79167,0.20833,4,0
"('volatile',)",14,5,0.73684,0.26316,3,0
"('barely',)",4,1,0.8,0.2,4,0
"('lingering',)",20,5,0.8,0.2,4,0
"('longerterm',)",15,1,0.9375,0.0625,15,0
"('mismatches',)",4,1,0.8,0.2,4,0
"('metros',)",26,9,0.74286,0.25714,3,0
"('flooded',)",7,1,0.875,0.125,7,0
"('menu',)",44,13,0.77193,0.22807,3,0
"('workloads',)",4,1,0.8,0.2,4,0
"('preference',)",19,3,0.86364,0.13636,6,0
"('thanks',)",33,13,0.71739,0.28261,3,0
"('refiners',)",40,15,0.72727,0.27273,3,0
"('deleverage',)",3,1,0.75,0.25,3,0
"('preoil',)",5,1,0.83333,0.16667,5,0
"('issuance',)",12,1,0.92308,0.07692,12,0
"('marcellus',)",30,10,0.75,0.25,3,0
"('signals',)",15,3,0.83333,0.16667,5,0
"('recession',)",46,17,0.73016,0.26984,3,0
"('investor',)",26,9,0.74286,0.25714,3,0
"('black',)",26,1,0.96296,0.03704,26,0
"('friday',)",24,1,0.96,0.04,24,0
"('representative',)",40,14,0.74074,0.25926,3,0
"('fargo',)",24,8,0.75,0.25,3,0
"('javascript',)",90,30,0.75,0.25,3,0
"('slowness',)",5,2,0.71429,0.28571,3,0
"('double',)",23,8,0.74194,0.25806,3,0
"('try',)",10,1,0.90909,0.09091,10,0
"('translate',)",7,1,0.875,0.125,7,0
"('providence',)",66,22,0.75,0.25,3,0
"('portland',)",73,19,0.79348,0.20652,4,0
"('sign',)",17,4,0.80952,0.19048,4,0
"('snowstorm',)",15,4,0.78947,0.21053,4,0
"('developer',)",29,4,0.87879,0.12121,7,0
"('subcontractors',)",46,15,0.7541,0.2459,3,0
"('polled',)",10,4,0.71429,0.28571,3,0
"('officers',)",13,3,0.8125,0.1875,4,0
"('responses',)",18,5,0.78261,0.21739,4,0
"('sustainable',)",9,1,0.9,0.1,9,0
"('conventional',)",28,6,0.82353,0.17647,5,0
"('official',)",45,17,0.72581,0.27419,3,0
"('charlotte',)",47,17,0.73438,0.26562,3,0
"('realtor',)",63,22,0.74118,0.25882,3,0
"('meant',)",37,11,0.77083,0.22917,3,0
"('broker',)",76,27,0.73786,0.26214,3,0
"('rock',)",112,33,0.77241,0.22759,3,0
"('arkansas',)",62,24,0.72093,0.27907,3,0
"('southcentral',)",5,1,0.83333,0.16667,5,0
"('director',)",7,2,0.77778,0.22222,4,0
"('northwestern',)",23,7,0.76667,0.23333,3,0
"('nd',)",31,8,0.79487,0.20513,4,0
"('university',)",53,14,0.79104,0.20896,4,0
"('page',)",60,20,0.75,0.25,3,0
"('themselves',)",12,4,0.75,0.25,3,0
"('exposure',)",14,5,0.73684,0.26316,3,0
"('diversified',)",9,1,0.9,0.1,9,0
"('precious',)",10,2,0.83333,0.16667,5,0
"('macroeconomic',)",20,2,0.90909,0.09091,10,0
"('replacements',)",6,1,0.85714,0.14286,6,0
"('contribute',)",7,1,0.875,0.125,7,0
"('eager',)",3,1,0.75,0.25,3,0
"('lender',)",57,9,0.86364,0.13636,6,0
"('overheating',)",5,2,0.71429,0.28571,3,0
"('nor',)",10,2,0.83333,0.16667,5,0
"('extra',)",11,2,0.84615,0.15385,5,0
"('fare',)",7,2,0.77778,0.22222,4,0
"('malls',)",37,14,0.72549,0.27451,3,0
"('weighed',)",24,2,0.92308,0.07692,12,0
"('gauge',)",9,2,0.81818,0.18182,4,0
"('seekers',)",9,3,0.75,0.25,3,0
"('widening',)",6,2,0.75,0.25,3,0
"('categoriesparticularly',)",19,3,0.86364,0.13636,6,0
"('choppy',)",4,1,0.8,0.2,4,0
"('midyear',)",14,3,0.82353,0.17647,5,0
"('taken',)",8,2,0.8,0.2,4,0
"('respond',)",6,2,0.75,0.25,3,0
"('bullish',)",29,7,0.80556,0.19444,4,0
"('staffingfirm',)",17,4,0.80952,0.19048,4,0
"('bringing',)",16,4,0.8,0.2,4,0
"('moveup',)",25,10,0.71429,0.28571,3,0
"('fund',)",6,1,0.85714,0.14286,6,0
"('commit',)",13,1,0.92857,0.07143,13,0
"('cope',)",3,1,0.75,0.25,3,0
"('dependent',)",20,6,0.76923,0.23077,3,0
"('metallurgical',)",32,10,0.7619,0.2381,3,0
"('surcharge',)",8,2,0.8,0.2,4,0
"('versus',)",33,12,0.73333,0.26667,3,0
"('tractors',)",5,1,0.83333,0.16667,5,0
"('95',)",10,3,0.76923,0.23077,3,0
"('decembers',)",4,1,0.8,0.2,4,0
"('china',)",68,24,0.73913,0.26087,3,0
"('owner',)",13,2,0.86667,0.13333,7,0
"('roads',)",15,4,0.78947,0.21053,4,0
"('officer',)",7,2,0.77778,0.22222,4,0
"('she',)",10,3,0.76923,0.23077,3,0
"('timely',)",7,2,0.77778,0.22222,4,0
"('outer',)",47,11,0.81034,0.18966,4,0
"('bought',)",3,1,0.75,0.25,3,0
"('billable',)",35,11,0.76087,0.23913,3,0
"('highway',)",15,4,0.78947,0.21053,4,0
"('bridge',)",5,2,0.71429,0.28571,3,0
"('age',)",6,1,0.85714,0.14286,6,0
"('appetite',)",7,2,0.77778,0.22222,4,0
"('endofyear',)",10,1,0.90909,0.09091,10,0
"('waste',)",8,1,0.88889,0.11111,8,0
"('sample',)",24,6,0.8,0.2,4,0
"('midsized',)",26,10,0.72222,0.27778,3,0
"('threemonth',)",5,1,0.83333,0.16667,5,0
"('midseptember',)",11,4,0.73333,0.26667,3,0
"('49',)",7,1,0.875,0.125,7,0
"('61',)",7,2,0.77778,0.22222,4,0
"('55',)",10,4,0.71429,0.28571,3,0
"('cross',)",5,1,0.83333,0.16667,5,0
"('mont',)",48,16,0.75,0.25,3,0
"('sd',)",51,20,0.71831,0.28169,3,0
"('permitted',)",20,5,0.8,0.2,4,0
"('surprising',)",7,2,0.77778,0.22222,4,0
"('thomas',)",8,2,0.8,0.2,4,0
"('bid',)",16,6,0.72727,0.27273,3,0
"('creighton',)",35,10,0.77778,0.22222,4,0
"('omaha',)",22,8,0.73333,0.26667,3,0
"('neb',)",22,8,0.73333,0.26667,3,0
"('windenergy',)",3,1,0.75,0.25,3,0
"('investments',)",72,11,0.86747,0.13253,7,0
"('upgrade',)",12,1,0.92308,0.07692,12,0
"('mexican',)",7,1,0.875,0.125,7,0
"('poll',)",33,10,0.76744,0.23256,3,0
"('companys',)",13,4,0.76471,0.23529,3,0
"('directors',)",6,2,0.75,0.25,3,0
"('cents',)",29,11,0.725,0.275,3,0
"('gallon',)",28,9,0.75676,0.24324,3,0
"('motivated',)",9,2,0.81818,0.18182,4,0
"('smart',)",3,1,0.75,0.25,3,0
"('resins',)",7,1,0.875,0.125,7,0
"('advantages',)",3,1,0.75,0.25,3,0
"('inline',)",7,2,0.77778,0.22222,4,0
"('unlikely',)",6,1,0.85714,0.14286,6,0
"('clarity',)",5,1,0.83333,0.16667,5,0
"('bounce',)",5,1,0.83333,0.16667,5,0
"('direction',)",14,1,0.93333,0.06667,14,0
"('compliance',)",47,11,0.81034,0.18966,4,0
"('formations',)",6,1,0.85714,0.14286,6,0
"('liquids',)",12,2,0.85714,0.14286,6,0
"('eagle',)",16,3,0.84211,0.15789,5,0
"('ford',)",17,3,0.85,0.15,6,0
"('85',)",15,3,0.83333,0.16667,5,0
"('whom',)",6,1,0.85714,0.14286,6,0
"('tightly',)",7,1,0.875,0.125,7,0
"('tradein',)",4,1,0.8,0.2,4,0
"('resourcerelated',)",44,15,0.74576,0.25424,3,0
"('wellleased',)",6,2,0.75,0.25,3,0
"('topthis',)",30,10,0.75,0.25,3,0
"('uses',)",33,12,0.73333,0.26667,3,0
"('your',)",30,10,0.75,0.25,3,0
"('browser',)",30,10,0.75,0.25,3,0
"('doesnt',)",30,10,0.75,0.25,3,0
"('you',)",30,10,0.75,0.25,3,0
"('offto',)",30,10,0.75,0.25,3,0
"('browserrelated',)",30,10,0.75,0.25,3,0
"('pages',)",30,10,0.75,0.25,3,0
"('organizations',)",21,2,0.91304,0.08696,10,0
"('feds',)",68,25,0.73118,0.26882,3,0
"('conveyed',)",6,2,0.75,0.25,3,0
"('noticed',)",15,6,0.71429,0.28571,3,0
"('q4',)",8,1,0.88889,0.11111,8,0
"('builder',)",77,20,0.79381,0.20619,4,0
"('shop',)",8,1,0.88889,0.11111,8,0
"('opposite',)",15,2,0.88235,0.11765,7,0
"('250',)",12,3,0.8,0.2,4,0
"('devices',)",59,7,0.89394,0.10606,8,0
"('theater',)",6,2,0.75,0.25,3,0
"('sells',)",8,1,0.88889,0.11111,8,0
"('worry',)",16,3,0.84211,0.15789,5,0
"('q1',)",9,1,0.9,0.1,9,0
"('highskill',)",13,4,0.76471,0.23529,3,0
"('patch',)",8,1,0.88889,0.11111,8,0
"('siena',)",12,4,0.75,0.25,3,0
"('downstate',)",11,1,0.91667,0.08333,11,0
"('drifted',)",12,1,0.92308,0.07692,12,0
"('multiyear',)",38,12,0.76,0.24,3,0
"('gets',)",3,1,0.75,0.25,3,0
"('interviewed',)",4,1,0.8,0.2,4,0
"('shared',)",18,7,0.72,0.28,3,0
"('creditworthy',)",7,2,0.77778,0.22222,4,0
"('urgency',)",7,2,0.77778,0.22222,4,0
"('financially',)",6,1,0.85714,0.14286,6,0
"('indicator',)",7,1,0.875,0.125,7,0
"('custom',)",11,2,0.84615,0.15385,5,0
"('tidewater',)",7,1,0.875,0.125,7,0
"('sustaining',)",4,1,0.8,0.2,4,0
"('wrapping',)",3,1,0.75,0.25,3,0
"('coffee',)",5,2,0.71429,0.28571,3,0
"('guarantees',)",3,1,0.75,0.25,3,0
"('pinch',)",4,1,0.8,0.2,4,0
"('waited',)",3,1,0.75,0.25,3,0
"('minute',)",4,1,0.8,0.2,4,0
"('favor',)",10,4,0.71429,0.28571,3,0
"('38',)",9,1,0.9,0.1,9,0
"('58',)",5,1,0.83333,0.16667,5,0
"('46',)",13,3,0.8125,0.1875,4,0
"('shortfall',)",3,1,0.75,0.25,3,0
"('purchased',)",12,3,0.8,0.2,4,0
"('seeds',)",4,1,0.8,0.2,4,0
"('claims',)",25,8,0.75758,0.24242,3,0
"('niobrara',)",4,1,0.8,0.2,4,0
"('formation',)",7,1,0.875,0.125,7,0
"('lifted',)",6,2,0.75,0.25,3,0
"('audit',)",7,1,0.875,0.125,7,0
"('pvc',)",8,3,0.72727,0.27273,3,0
"('flatten',)",7,2,0.77778,0.22222,4,0
"('shallow',)",3,1,0.75,0.25,3,0
"('feedstock',)",7,2,0.77778,0.22222,4,0
"('sourced',)",3,1,0.75,0.25,3,0
"('mobile',)",27,5,0.84375,0.15625,5,0
"('communication',)",6,1,0.85714,0.14286,6,0
"('midjanuary',)",3,1,0.75,0.25,3,0
"('regard',)",10,4,0.71429,0.28571,3,0
"('surrounding',)",44,14,0.75862,0.24138,3,0
"('political',)",53,13,0.80303,0.19697,4,0
"('vacant',)",20,2,0.90909,0.09091,10,0
"('usedvehicle',)",11,3,0.78571,0.21429,4,0
"('cre',)",25,7,0.78125,0.21875,4,0
"('preferred',)",5,1,0.83333,0.16667,5,0
"('disruption',)",7,2,0.77778,0.22222,4,0
"('inclined',)",5,1,0.83333,0.16667,5,0
"('anything',)",5,2,0.71429,0.28571,3,0
"('easily',)",9,3,0.75,0.25,3,0
"('supplychain',)",3,1,0.75,0.25,3,0
"('unsuccessful',)",4,1,0.8,0.2,4,0
"('generate',)",13,4,0.76471,0.23529,3,0
"('perceives',)",3,1,0.75,0.25,3,0
"('boroughs',)",15,3,0.83333,0.16667,5,0
"('relations',)",3,1,0.75,0.25,3,0
"('things',)",12,2,0.85714,0.14286,6,0
"('cycle',)",47,13,0.78333,0.21667,4,0
"('incoming',)",12,2,0.85714,0.14286,6,0
"('construct',)",3,1,0.75,0.25,3,0
"('newvehicle',)",26,5,0.83871,0.16129,5,0
"('greaterthanexpected',)",3,1,0.75,0.25,3,0
"('renewal',)",7,2,0.77778,0.22222,4,0
"('exacerbated',)",5,1,0.83333,0.16667,5,0
"('break',)",25,6,0.80645,0.19355,4,0
"('beans',)",9,2,0.81818,0.18182,4,0
"('ordering',)",5,2,0.71429,0.28571,3,0
"('affluent',)",4,1,0.8,0.2,4,0
"('internal',)",11,3,0.78571,0.21429,4,0
"('actions',)",5,1,0.83333,0.16667,5,0
"('opportunity',)",6,1,0.85714,0.14286,6,0
"('trees',)",6,2,0.75,0.25,3,0
"('practices',)",11,3,0.78571,0.21429,4,0
"('unit',)",99,32,0.75573,0.24427,3,0
"('reiterated',)",3,1,0.75,0.25,3,0
"('occur',)",10,4,0.71429,0.28571,3,0
"('casino',)",31,11,0.7381,0.2619,3,0
"('87',)",3,1,0.75,0.25,3,0
"('chickens',)",28,11,0.71795,0.28205,3,0
"('52',)",3,1,0.75,0.25,3,0
"('web',)",8,1,0.88889,0.11111,8,0
"('logistics',)",53,16,0.76812,0.23188,3,0
"('400',)",10,2,0.83333,0.16667,5,0
"('device',)",15,6,0.71429,0.28571,3,0
"('rebar',)",3,1,0.75,0.25,3,0
"('jet',)",10,1,0.90909,0.09091,10,0
"('receded',)",10,4,0.71429,0.28571,3,0
"('landscape',)",7,2,0.77778,0.22222,4,0
"('patients',)",4,1,0.8,0.2,4,0
"('2012',)",294,72,0.80328,0.19672,4,0
"('bounced',)",15,3,0.83333,0.16667,5,0
"('midmay',)",37,9,0.80435,0.19565,4,0
"('45',)",16,4,0.8,0.2,4,0
"('delivering',)",3,1,0.75,0.25,3,0
"('looks',)",5,2,0.71429,0.28571,3,0
"('stricter',)",8,2,0.8,0.2,4,0
"('fashion',)",5,2,0.71429,0.28571,3,0
"('stop',)",4,1,0.8,0.2,4,0
"('zero',)",20,4,0.83333,0.16667,5,0
"('pricepoint',)",17,5,0.77273,0.22727,3,0
"('committed',)",4,1,0.8,0.2,4,0
"('bidding',)",38,11,0.77551,0.22449,3,0
"('lend',)",7,2,0.77778,0.22222,4,0
"('affects',)",3,1,0.75,0.25,3,0
"('non',)",3,1,0.75,0.25,3,0
"('dwellings',)",5,2,0.71429,0.28571,3,0
"('shales',)",16,5,0.7619,0.2381,3,0
"('authorities',)",3,1,0.75,0.25,3,0
"('shopper',)",11,3,0.78571,0.21429,4,0
"('125',)",7,1,0.875,0.125,7,0
"('revealed',)",8,1,0.88889,0.11111,8,0
"('bump',)",6,1,0.85714,0.14286,6,0
"('boats',)",3,1,0.75,0.25,3,0
"('calls',)",9,3,0.75,0.25,3,0
"('inquires',)",3,1,0.75,0.25,3,0
"('jonesboro',)",5,1,0.83333,0.16667,5,0
"('54',)",8,2,0.8,0.2,4,0
"('05',)",7,1,0.875,0.125,7,0
"('minot',)",3,1,0.75,0.25,3,0
"('electric',)",20,7,0.74074,0.25926,3,0
"('iowa',)",7,2,0.77778,0.22222,4,0
"('renewable',)",8,1,0.88889,0.11111,8,0
"('resume',)",12,2,0.85714,0.14286,6,0
"('cloud',)",53,15,0.77941,0.22059,4,0
"('minn',)",31,9,0.775,0.225,3,0
"('nickel',)",4,1,0.8,0.2,4,0
"('communities',)",20,4,0.83333,0.16667,5,0
"('rated',)",47,15,0.75806,0.24194,3,0
"('distillate',)",5,2,0.71429,0.28571,3,0
"('vibrant',)",6,2,0.75,0.25,3,0
"('strategy',)",39,7,0.84783,0.15217,6,0
"('constructing',)",6,1,0.85714,0.14286,6,0
"('ammunition',)",3,1,0.75,0.25,3,0
"('weighing',)",6,2,0.75,0.25,3,0
"('ran',)",6,1,0.85714,0.14286,6,0
"('classes',)",8,1,0.88889,0.11111,8,0
"('restructure',)",3,1,0.75,0.25,3,0
"('2013',)",271,44,0.86032,0.13968,6,0
"('cheaper',)",7,2,0.77778,0.22222,4,0
"('revised',)",15,6,0.71429,0.28571,3,0
"('sturdy',)",7,1,0.875,0.125,7,0
"('terrible',)",3,1,0.75,0.25,3,0
"('approached',)",4,1,0.8,0.2,4,0
"('mediumsize',)",5,2,0.71429,0.28571,3,0
"('innovative',)",6,2,0.75,0.25,3,0
"('prioryear',)",15,6,0.71429,0.28571,3,0
"('slowerthanexpected',)",4,1,0.8,0.2,4,0
"('waitandsee',)",6,1,0.85714,0.14286,6,0
"('opted',)",3,1,0.75,0.25,3,0
"('relationships',)",6,2,0.75,0.25,3,0
"('serve',)",13,1,0.92857,0.07143,13,0
"('lateseason',)",6,1,0.85714,0.14286,6,0
"('immigration',)",12,1,0.92308,0.07692,12,0
"('brazil',)",5,1,0.83333,0.16667,5,0
"('conversely',)",19,6,0.76,0.24,3,0
"('rolling',)",5,1,0.83333,0.16667,5,0
"('social',)",19,6,0.76,0.24,3,0
"('midjune',)",11,3,0.78571,0.21429,4,0
"('03',)",3,1,0.75,0.25,3,0
"('bar',)",6,1,0.85714,0.14286,6,0
"('needing',)",4,1,0.8,0.2,4,0
"('history',)",5,2,0.71429,0.28571,3,0
"('provider',)",19,3,0.86364,0.13636,6,0
"('lateseptember',)",3,1,0.75,0.25,3,0
"('southwestern',)",9,3,0.75,0.25,3,0
"('automation',)",13,5,0.72222,0.27778,3,0
"('auction',)",4,1,0.8,0.2,4,0
"('supplying',)",11,3,0.78571,0.21429,4,0
"('forcing',)",12,4,0.75,0.25,3,0
"('thailand',)",7,1,0.875,0.125,7,0
"('outlet',)",21,6,0.77778,0.22222,4,0
"('plentiful',)",8,3,0.72727,0.27273,3,0
"('riskier',)",5,1,0.83333,0.16667,5,0
"('homebuilder',)",5,2,0.71429,0.28571,3,0
"('36',)",11,1,0.91667,0.08333,11,0
"('colder',)",11,2,0.84615,0.15385,5,0
"('budgeted',)",9,2,0.81818,0.18182,4,0
"('laboratory',)",5,1,0.83333,0.16667,5,0
"('europes',)",5,2,0.71429,0.28571,3,0
"('ships',)",11,1,0.91667,0.08333,11,0
"('promising',)",6,1,0.85714,0.14286,6,0
"('ratio',)",5,2,0.71429,0.28571,3,0
"('pipelines',)",20,6,0.76923,0.23077,3,0
"('brooklyn',)",36,12,0.75,0.25,3,0
"('launches',)",8,1,0.88889,0.11111,8,0
"('impeding',)",5,2,0.71429,0.28571,3,0
"('equities',)",5,1,0.83333,0.16667,5,0
"('architect',)",6,1,0.85714,0.14286,6,0
"('represents',)",11,4,0.73333,0.26667,3,0
"('enhancements',)",18,2,0.9,0.1,9,0
"('accommodate',)",13,3,0.8125,0.1875,4,0
"('catch',)",6,1,0.85714,0.14286,6,0
"('distributor',)",6,1,0.85714,0.14286,6,0
"('charleston',)",40,16,0.71429,0.28571,3,0
"('enjoying',)",3,1,0.75,0.25,3,0
"('dried',)",5,1,0.83333,0.16667,5,0
"('shed',)",3,1,0.75,0.25,3,0
"('boat',)",8,3,0.72727,0.27273,3,0
"('payment',)",30,12,0.71429,0.28571,3,0
"('cargoes',)",3,1,0.75,0.25,3,0
"('mature',)",3,1,0.75,0.25,3,0
"('population',)",6,2,0.75,0.25,3,0
"('treasury',)",3,1,0.75,0.25,3,0
"('lighter',)",6,1,0.85714,0.14286,6,0
"('operation',)",8,2,0.8,0.2,4,0
"('turkeys',)",22,8,0.73333,0.26667,3,0
"('seventh',)",13,5,0.72222,0.27778,3,0
"('cubic',)",4,1,0.8,0.2,4,0
"('feet',)",11,1,0.91667,0.08333,11,0
"('together',)",5,2,0.71429,0.28571,3,0
"('intellectual',)",15,3,0.83333,0.16667,5,0
"('inpatient',)",4,1,0.8,0.2,4,0
"('admissions',)",6,2,0.75,0.25,3,0
"('subsectors',)",7,2,0.77778,0.22222,4,0
"('hoping',)",3,1,0.75,0.25,3,0
"('transitory',)",7,1,0.875,0.125,7,0
"('threat',)",9,3,0.75,0.25,3,0
"('chinese',)",25,5,0.83333,0.16667,5,0
"('recreation',)",9,2,0.81818,0.18182,4,0
"('door',)",5,1,0.83333,0.16667,5,0
"('completely',)",5,1,0.83333,0.16667,5,0
"('mood',)",3,1,0.75,0.25,3,0
"('stopped',)",6,1,0.85714,0.14286,6,0
"('averaged',)",8,2,0.8,0.2,4,0
"('soughtafter',)",3,1,0.75,0.25,3,0
"('expert',)",14,3,0.82353,0.17647,5,0
"('carry',)",4,1,0.8,0.2,4,0
"('operator',)",21,8,0.72414,0.27586,3,0
"('sudden',)",3,1,0.75,0.25,3,0
"('announcement',)",5,1,0.83333,0.16667,5,0
"('thermal',)",13,3,0.8125,0.1875,4,0
"('coals',)",4,1,0.8,0.2,4,0
"('ordered',)",4,1,0.8,0.2,4,0
"('shelf',)",26,8,0.76471,0.23529,3,0
"('bids',)",18,4,0.81818,0.18182,4,0
"('obsolete',)",4,1,0.8,0.2,4,0
"('utilize',)",4,1,0.8,0.2,4,0
"('regulation',)",24,7,0.77419,0.22581,3,0
"('legislation',)",16,6,0.72727,0.27273,3,0
"('hobby',)",6,1,0.85714,0.14286,6,0
"('sets',)",14,4,0.77778,0.22222,4,0
"('warrant',)",4,1,0.8,0.2,4,0
"('initially',)",5,1,0.83333,0.16667,5,0
"('didnt',)",3,1,0.75,0.25,3,0
"('spaces',)",23,8,0.74194,0.25806,3,0
"('aforementioned',)",12,1,0.92308,0.07692,12,0
"('never',)",3,1,0.75,0.25,3,0
"('loading',)",5,1,0.83333,0.16667,5,0
"('partnership',)",4,1,0.8,0.2,4,0
"('windows',)",3,1,0.75,0.25,3,0
"('crushed',)",10,3,0.76923,0.23077,3,0
"('snowy',)",5,2,0.71429,0.28571,3,0
"('acquired',)",3,1,0.75,0.25,3,0
"('relation',)",6,1,0.85714,0.14286,6,0
"('play',)",5,1,0.83333,0.16667,5,0
"('prefer',)",3,1,0.75,0.25,3,0
"('enthusiasm',)",4,1,0.8,0.2,4,0
"('i',)",14,1,0.93333,0.06667,14,0
"('presidential',)",23,6,0.7931,0.2069,4,0
"('regained',)",4,1,0.8,0.2,4,0
"('bie',)",5,2,0.71429,0.28571,3,0
"('opec',)",6,2,0.75,0.25,3,0
"('shortened',)",5,1,0.83333,0.16667,5,0
"('48',)",5,1,0.83333,0.16667,5,0
"('42',)",5,2,0.71429,0.28571,3,0
"('proposals',)",5,1,0.83333,0.16667,5,0
"('duluth',)",8,2,0.8,0.2,4,0
"('headquarters',)",11,1,0.91667,0.08333,11,0
"('bargains',)",3,1,0.75,0.25,3,0
"('nationally',)",7,1,0.875,0.125,7,0
"('pension',)",5,1,0.83333,0.16667,5,0
"('diminishing',)",5,1,0.83333,0.16667,5,0
"('backed',)",4,1,0.8,0.2,4,0
"('trained',)",7,1,0.875,0.125,7,0
"('snapped',)",4,1,0.8,0.2,4,0
"('sequestration',)",24,2,0.92308,0.07692,12,0
"('adjust',)",15,3,0.83333,0.16667,5,0
"('developed',)",11,1,0.91667,0.08333,11,0
"('unknown',)",3,1,0.75,0.25,3,0
"('adult',)",5,1,0.83333,0.16667,5,0
"('salt',)",5,2,0.71429,0.28571,3,0
"('assistance',)",15,4,0.78947,0.21053,4,0
"('tremendous',)",6,2,0.75,0.25,3,0
"('perception',)",4,1,0.8,0.2,4,0
"('middleincome',)",3,1,0.75,0.25,3,0
"('monies',)",22,8,0.73333,0.26667,3,0
"('allocated',)",31,7,0.81579,0.18421,4,0
"('homeowners',)",12,4,0.75,0.25,3,0
"('guidelines',)",5,2,0.71429,0.28571,3,0
"('hampton',)",9,3,0.75,0.25,3,0
"('behavior',)",7,1,0.875,0.125,7,0
"('aggregates',)",4,1,0.8,0.2,4,0
"('headwind',)",13,3,0.8125,0.1875,4,0
"('oranges',)",8,1,0.88889,0.11111,8,0
"('56',)",6,2,0.75,0.25,3,0
"('design',)",11,3,0.78571,0.21429,4,0
"('73',)",3,1,0.75,0.25,3,0
"('instate',)",3,1,0.75,0.25,3,0
"('300000',)",4,1,0.8,0.2,4,0
"('trepidation',)",3,1,0.75,0.25,3,0
"('auditrelated',)",3,1,0.75,0.25,3,0
"('congress',)",3,1,0.75,0.25,3,0
"('revisions',)",23,6,0.7931,0.2069,4,0
"('capture',)",6,2,0.75,0.25,3,0
"('06',)",6,2,0.75,0.25,3,0
"('cliff',)",29,7,0.80556,0.19444,4,0
"('resolution',)",8,3,0.72727,0.27273,3,0
"('questions',)",4,1,0.8,0.2,4,0
"('wanting',)",4,1,0.8,0.2,4,0
"('politics',)",4,1,0.8,0.2,4,0
"('signings',)",23,7,0.76667,0.23333,3,0
"('wars',)",20,5,0.8,0.2,4,0
"('frame',)",5,2,0.71429,0.28571,3,0
"('outofstate',)",5,1,0.83333,0.16667,5,0
"('proposed',)",16,1,0.94118,0.05882,16,0
"('threatened',)",4,1,0.8,0.2,4,0
"('entered',)",3,1,0.75,0.25,3,0
"('62',)",6,2,0.75,0.25,3,0
"('mildly',)",24,8,0.75,0.25,3,0
"('complex',)",8,1,0.88889,0.11111,8,0
"('develop',)",9,2,0.81818,0.18182,4,0
"('climbing',)",6,1,0.85714,0.14286,6,0
"('preserve',)",6,2,0.75,0.25,3,0
"('sand',)",21,7,0.75,0.25,3,0
"('cycles',)",5,2,0.71429,0.28571,3,0
"('license',)",6,1,0.85714,0.14286,6,0
"('submarket',)",37,11,0.77083,0.22917,3,0
"('bills',)",6,1,0.85714,0.14286,6,0
"('broken',)",3,1,0.75,0.25,3,0
"('maintains',)",6,1,0.85714,0.14286,6,0
"('pent',)",3,1,0.75,0.25,3,0
"('queens',)",26,9,0.74286,0.25714,3,0
"('headwinds',)",16,2,0.88889,0.11111,8,0
"('reimbursement',)",4,1,0.8,0.2,4,0
"('metrics',)",9,3,0.75,0.25,3,0
"('beltway',)",5,1,0.83333,0.16667,5,0
"('conferences',)",7,2,0.77778,0.22222,4,0
"('broilers',)",25,6,0.80645,0.19355,4,0
"('municipal',)",4,1,0.8,0.2,4,0
"('glacier',)",7,1,0.875,0.125,7,0
"('potatoes',)",6,2,0.75,0.25,3,0
"('welding',)",5,1,0.83333,0.16667,5,0
"('crossovers',)",9,2,0.81818,0.18182,4,0
"('500000',)",21,4,0.84,0.16,5,0
"('liquidations',)",6,2,0.75,0.25,3,0
"('cosmetics',)",3,1,0.75,0.25,3,0
"('locales',)",6,1,0.85714,0.14286,6,0
"('midrange',)",5,2,0.71429,0.28571,3,0
"('delaware',)",20,8,0.71429,0.28571,3,0
"('2014',)",236,55,0.811,0.189,4,0
"('aca',)",3,1,0.75,0.25,3,0
"('drugs',)",8,3,0.72727,0.27273,3,0
"('influx',)",7,2,0.77778,0.22222,4,0
"('sized',)",10,2,0.83333,0.16667,5,0
"('sequential',)",4,1,0.8,0.2,4,0
"('campaign',)",3,1,0.75,0.25,3,0
"('longest',)",5,2,0.71429,0.28571,3,0
"('400000',)",5,1,0.83333,0.16667,5,0
"('test',)",9,1,0.9,0.1,9,0
"('disappointingly',)",3,1,0.75,0.25,3,0
"('shores',)",4,1,0.8,0.2,4,0
"('poconos',)",11,4,0.73333,0.26667,3,0
"('goodsproducing',)",5,2,0.71429,0.28571,3,0
"('dominate',)",10,4,0.71429,0.28571,3,0
"('smartphones',)",3,1,0.75,0.25,3,0
"('insurers',)",3,1,0.75,0.25,3,0
"('granted',)",3,1,0.75,0.25,3,0
"('meats',)",4,1,0.8,0.2,4,0
"('marathon',)",5,1,0.83333,0.16667,5,0
"('bridges',)",3,1,0.75,0.25,3,0
"('relieved',)",4,1,0.8,0.2,4,0
"('returns',)",7,1,0.875,0.125,7,0
"('broke',)",14,4,0.77778,0.22222,4,0
"('closure',)",11,3,0.78571,0.21429,4,0
"('involves',)",3,1,0.75,0.25,3,0
"('slumped',)",4,1,0.8,0.2,4,0
"('15000',)",3,1,0.75,0.25,3,0
"('alone',)",4,1,0.8,0.2,4,0
"('yearround',)",4,1,0.8,0.2,4,0
"('completing',)",6,2,0.75,0.25,3,0
"('breakbulk',)",5,2,0.71429,0.28571,3,0
"('turkey',)",7,2,0.77778,0.22222,4,0
"('nervous',)",4,1,0.8,0.2,4,0
"('payouts',)",3,1,0.75,0.25,3,0
"('carloads',)",7,2,0.77778,0.22222,4,0
"('fish',)",11,2,0.84615,0.15385,5,0
"('lowskill',)",13,2,0.86667,0.13333,7,0
"('quit',)",5,1,0.83333,0.16667,5,0
"('allocations',)",8,1,0.88889,0.11111,8,0
"('question',)",7,1,0.875,0.125,7,0
"('backoffice',)",3,1,0.75,0.25,3,0
"('diversions',)",7,2,0.77778,0.22222,4,0
"('beverages',)",9,3,0.75,0.25,3,0
"('practice',)",13,5,0.72222,0.27778,3,0
"('student',)",4,1,0.8,0.2,4,0
"('array',)",10,1,0.90909,0.09091,10,0
"('wealth',)",7,2,0.77778,0.22222,4,0
"('brickandmortar',)",40,6,0.86957,0.13043,7,0
"('hedge',)",3,1,0.75,0.25,3,0
"('congestion',)",10,1,0.90909,0.09091,10,0
"('lawyers',)",4,1,0.8,0.2,4,0
"('schools',)",13,2,0.86667,0.13333,7,0
"('traditionally',)",7,2,0.77778,0.22222,4,0
"('wholesaler',)",7,2,0.77778,0.22222,4,0
"('slated',)",6,1,0.85714,0.14286,6,0
"('converted',)",6,1,0.85714,0.14286,6,0
"('fracking',)",6,1,0.85714,0.14286,6,0
"('antonio',)",10,3,0.76923,0.23077,3,0
"('museums',)",10,2,0.83333,0.16667,5,0
"('exacerbate',)",3,1,0.75,0.25,3,0
"('logs',)",12,1,0.92308,0.07692,12,0
"('westchesterfairfield',)",8,1,0.88889,0.11111,8,0
"('cloudbased',)",5,1,0.83333,0.16667,5,0
"('negotiable',)",4,1,0.8,0.2,4,0
"('weekends',)",8,2,0.8,0.2,4,0
"('loanapplication',)",21,6,0.77778,0.22222,4,0
"('preferences',)",13,3,0.8125,0.1875,4,0
"('medicaid',)",3,1,0.75,0.25,3,0
"('containerized',)",18,3,0.85714,0.14286,6,0
"('greening',)",5,1,0.83333,0.16667,5,0
"('agribusiness',)",15,4,0.78947,0.21053,4,0
"('incrementally',)",5,1,0.83333,0.16667,5,0
"('marking',)",3,1,0.75,0.25,3,0
"('proceeded',)",4,1,0.8,0.2,4,0
"('liquefied',)",6,2,0.75,0.25,3,0
"('lng',)",3,1,0.75,0.25,3,0
"('highyield',)",3,1,0.75,0.25,3,0
"('careful',)",3,1,0.75,0.25,3,0
"('coppernickel',)",4,1,0.8,0.2,4,0
"('quarterly',)",3,1,0.75,0.25,3,0
"('outstrip',)",3,1,0.75,0.25,3,0
"('mediumterm',)",3,1,0.75,0.25,3,0
"('manual',)",13,5,0.72222,0.27778,3,0
"('seaport',)",13,1,0.92857,0.07143,13,0
"('leverage',)",3,1,0.75,0.25,3,0
"('hudson',)",6,1,0.85714,0.14286,6,0
"('aheadparticularly',)",3,1,0.75,0.25,3,0
"('oem',)",9,1,0.9,0.1,9,0
"('anchored',)",3,1,0.75,0.25,3,0
"('orange',)",13,3,0.8125,0.1875,4,0
"('lowincome',)",4,1,0.8,0.2,4,0
"('courier',)",14,5,0.73684,0.26316,3,0
"('89',)",4,1,0.8,0.2,4,0
"('la',)",4,1,0.8,0.2,4,0
"('crosse',)",4,1,0.8,0.2,4,0
"('wis',)",8,1,0.88889,0.11111,8,0
"('killed',)",8,1,0.88889,0.11111,8,0
"('casual',)",10,2,0.83333,0.16667,5,0
"('consultant',)",24,1,0.96,0.04,24,0
"('cabinets',)",3,1,0.75,0.25,3,0
"('voicing',)",3,1,0.75,0.25,3,0
"('relaxed',)",10,4,0.71429,0.28571,3,0
"('rd',)",3,1,0.75,0.25,3,0
"('preparing',)",6,1,0.85714,0.14286,6,0
"('footwear',)",8,2,0.8,0.2,4,0
"('containment',)",3,1,0.75,0.25,3,0
"('sod',)",8,2,0.8,0.2,4,0
"('fiber',)",3,1,0.75,0.25,3,0
"('lake',)",3,1,0.75,0.25,3,0
"('outweighed',)",4,1,0.8,0.2,4,0
"('branded',)",9,2,0.81818,0.18182,4,0
"('virus',)",11,2,0.84615,0.15385,5,0
"('hardwood',)",5,2,0.71429,0.28571,3,0
"('release',)",4,1,0.8,0.2,4,0
"('drawdown',)",5,1,0.83333,0.16667,5,0
"('globally',)",3,1,0.75,0.25,3,0
"('mean',)",3,1,0.75,0.25,3,0
"('2015',)",246,69,0.78095,0.21905,4,0
"('confronting',)",6,2,0.75,0.25,3,0
"('hoursofservice',)",3,1,0.75,0.25,3,0
"('partnerships',)",10,2,0.83333,0.16667,5,0
"('aerial',)",3,1,0.75,0.25,3,0
"('acrosstheboard',)",7,1,0.875,0.125,7,0
"('tomatoes',)",3,1,0.75,0.25,3,0
"('win',)",3,1,0.75,0.25,3,0
"('entrants',)",4,1,0.8,0.2,4,0
"('russia',)",4,1,0.8,0.2,4,0
"('robustparticularly',)",4,1,0.8,0.2,4,0
"('widen',)",10,4,0.71429,0.28571,3,0
"('lakes',)",11,4,0.73333,0.26667,3,0
"('dairies',)",3,1,0.75,0.25,3,0
"('bakken',)",8,2,0.8,0.2,4,0
"('attendants',)",3,1,0.75,0.25,3,0
"('broadening',)",5,2,0.71429,0.28571,3,0
"('logan',)",3,1,0.75,0.25,3,0
"('2016',)",210,37,0.8502,0.1498,6,0
"('philadelphiaarea',)",7,2,0.77778,0.22222,4,0
"('wave',)",3,1,0.75,0.25,3,0
"('higherskilled',)",10,4,0.71429,0.28571,3,0
"('semiconductorrelated',)",4,1,0.8,0.2,4,0
"('revision',)",6,1,0.85714,0.14286,6,0
"('compressed',)",6,2,0.75,0.25,3,0
"('2015q1',)",4,1,0.8,0.2,4,0
"('averaging',)",3,1,0.75,0.25,3,0
"('cybersecurity',)",16,1,0.94118,0.05882,16,0
"('vessel',)",3,1,0.75,0.25,3,0
"('barges',)",4,1,0.8,0.2,4,0
"('visa',)",5,1,0.83333,0.16667,5,0
"('difficulttofill',)",4,1,0.8,0.2,4,0
"('midstream',)",13,5,0.72222,0.27778,3,0
"('wellness',)",3,1,0.75,0.25,3,0
"('convenience',)",21,7,0.75,0.25,3,0
"('phosphates',)",3,1,0.75,0.25,3,0
"('transatlantic',)",3,1,0.75,0.25,3,0
"('birds',)",7,1,0.875,0.125,7,0
"('upstream',)",20,5,0.8,0.2,4,0
"('indexes',)",8,2,0.8,0.2,4,0
"('footprint',)",6,1,0.85714,0.14286,6,0
"('cowcalf',)",4,1,0.8,0.2,4,0
"('stemmed',)",5,1,0.83333,0.16667,5,0
"('oilproducing',)",4,1,0.8,0.2,4,0
"('achieved',)",3,1,0.75,0.25,3,0
"('predominately',)",7,2,0.77778,0.22222,4,0
"('2017',)",118,43,0.73292,0.26708,3,0
"('locked',)",3,1,0.75,0.25,3,0
"('departing',)",6,2,0.75,0.25,3,0
"('forsale',)",9,3,0.75,0.25,3,0
"('forlease',)",9,2,0.81818,0.18182,4,0
"('visiting',)",3,1,0.75,0.25,3,0
"('topretail',)",3,1,0.75,0.25,3,0
"('overworked',)",3,1,0.75,0.25,3,0
"('helena',)",3,1,0.75,0.25,3,0
"('deadwood',)",5,1,0.83333,0.16667,5,0
"('missoula',)",13,3,0.8125,0.1875,4,0
"('bozeman',)",9,2,0.81818,0.18182,4,0
"('longrun',)",6,1,0.85714,0.14286,6,0
"('alongside',)",6,2,0.75,0.25,3,0
"('districtbanking',)",7,1,0.875,0.125,7,0
"('quartermanufacturing',)",6,1,0.85714,0.14286,6,0
"('monthsnatural',)",5,1,0.83333,0.16667,5,0
"('topprices',)",8,2,0.8,0.2,4,0
"('topconsumer',)",15,1,0.9375,0.0625,15,0
"('categoriesnonresidential',)",4,1,0.8,0.2,4,0
"('monthscommercial',)",3,1,0.75,0.25,3,0
"('yearbanking',)",6,2,0.75,0.25,3,0
"('ratesmanufacturing',)",4,1,0.8,0.2,4,0
"('quartercommercial',)",8,1,0.88889,0.11111,8,0
"('renovated',)",3,1,0.75,0.25,3,0
"('frac',)",4,1,0.8,0.2,4,0
"('levelsenergy',)",10,3,0.76923,0.23077,3,0
"('vote',)",6,1,0.85714,0.14286,6,0
"('brexit',)",6,1,0.85714,0.14286,6,0
"('monthsmanufacturing',)",10,2,0.83333,0.16667,5,0
"('earlieremployment',)",3,1,0.75,0.25,3,0
"('demandretail',)",4,1,0.8,0.2,4,0
"('yearconstruction',)",10,2,0.83333,0.16667,5,0
"('mixedemployment',)",4,1,0.8,0.2,4,0
"('growthreal',)",6,1,0.85714,0.14286,6,0
"('changedmanufacturing',)",3,1,0.75,0.25,3,0
"('positionsprices',)",8,3,0.72727,0.27273,3,0
"('shapeconsumer',)",4,1,0.8,0.2,4,0
"('outlookparticularly',)",3,1,0.75,0.25,3,0
"('percentmanufacturing',)",3,1,0.75,0.25,3,0
"('productionemployment',)",3,1,0.75,0.25,3,0
"('constructionbanking',)",5,1,0.83333,0.16667,5,0
"('wwwresearchstlouisfedorgregeconsummary',)",8,2,0.8,0.2,4,0
"('workerscontacts',)",7,1,0.875,0.125,7,0
"('periodprices',)",3,1,0.75,0.25,3,0
"('paceemployment',)",8,2,0.8,0.2,4,0
"('growthprices',)",4,1,0.8,0.2,4,0
"('periodnonfinancial',)",3,1,0.75,0.25,3,0
"('employeesprices',)",6,1,0.85714,0.14286,6,0
"('uncertaintyemployment',)",3,1,0.75,0.25,3,0
"('sectoremployment',)",5,1,0.83333,0.16667,5,0
"('demandcommercial',)",3,1,0.75,0.25,3,0
"('wagesprices',)",6,2,0.75,0.25,3,0
"('culture',)",4,1,0.8,0.2,4,0
"('enrollment',)",4,1,0.8,0.2,4,0
"('favorableoutside',)",3,1,0.75,0.25,3,0
"('forwardreal',)",4,1,0.8,0.2,4,0
"('cardboard',)",3,1,0.75,0.25,3,0
"('earlierconsumer',)",4,1,0.8,0.2,4,0
"('categoriesemployment',)",3,1,0.75,0.25,3,0
"('periodfinancial',)",3,1,0.75,0.25,3,0
"('earliersummary',)",3,1,0.75,0.25,3,0
"('harvey',)",34,4,0.89474,0.10526,9,0
"('outlooknew',)",3,1,0.75,0.25,3,0
"('sectorsprices',)",4,1,0.8,0.2,4,0
"('nextgeneration',)",3,1,0.75,0.25,3,0
"('irma',)",19,2,0.90476,0.09524,9,0
"('departed',)",3,1,0.75,0.25,3,0
"('higheremployment',)",3,1,0.75,0.25,3,0
"('2019',)",57,19,0.75,0.25,3,0
"('modesttomoderate',)",3,1,0.75,0.25,3,0
